<?xml version="1.0" encoding="utf-8" ?>
<rdf:RDF xmlns:rdf="http://www.w3.org/1999/02/22-rdf-syntax-ns#"
         xmlns:dc="http://purl.org/dc/terms/"
         xmlns:owl="http://www.w3.org/2002/07/owl#"
         xmlns:dcat="http://www.w3.org/ns/dcat#"
         xmlns:ns0="https://www.w3.org/TR/vcard-rdf/"
         xmlns:prov="http://www.w3.org/ns/prov#"
         xmlns:ns1="http://www.w3.org/ns/dqv#"
         xmlns:skos="http://www.w3.org/2004/02/skos/core#"
         xmlns:foaf="http://xmlns.com/foaf/0.1/">

  <rdf:Description rdf:about="https://bolideopendata.github.io/bolideopendata/dataset/set-finali/segnalazioni/segnalazioni_bologna_2017">
    <rdf:type rdf:resource="http://dati.gov.it/onto/dcatapitDataset"/>
    <rdf:type rdf:resource="http://www.w3.org/ns/dcat#Dataset"/>
    <dc:identifier>bolideopendata:D.2</dc:identifier>
    <dc:title xml:lang="it">segnalazioni_bologna_2017</dc:title>
    <dc:description xml:lang="it">Il dataset contiene i dati divisi per zona di Bologna delle segnalazioni sociali, ambientali e di microcriminalità rilevate nell'anno 2017</dc:description>
    <dc:modified rdf:datatype="http://www.w3.org/2001/XMLSchema#date">2018-01-19</dc:modified>
    <dc:issued rdf:datatype="http://www.w3.org/2001/XMLSchema#date">2018-01-19</dc:issued>
    <owl:versionInfo>0.1.0</owl:versionInfo>
    <dc:temporal rdf:datatype="http://www.w3.org/2001/XMLSchema#date">2017</dc:temporal>
    <dcat:theme rdf:resource="http://publications.europa.eu/resource/authority/data-theme/ENVI"/>
    <dcat:theme rdf:resource="http://publications.europa.eu/resource/authority/data-theme/SOCI"/>
    <dc:subject rdf:resource="http://eurovoc.europa.eu/4045"/>
    <dc:subject rdf:resource="http://publications.europa.eu/resource/authority/pub-theme/L02"/>
    <dcat:keyword xml:lang="it">sociale</dcat:keyword>
    <dcat:keyword xml:lang="it">bologna</dcat:keyword>
    <dcat:keyword xml:lang="it">ambiente</dcat:keyword>
    <dcat:keyword xml:lang="it">microcriminalità</dcat:keyword>
    <dc:spatial rdf:resource="https://www.geonames.org/3181928/"/>
    <dc:accrualPeriodicity rdf:resource="http://publications.europa.eu/resource/authority/frequency/ANNUAL"/>
    <dcat:distribution>
      <rdf:Description rdf:about="https://bolideopendata.github.io/bolideopendata/dataset/set-finali/segnalazioni/segnalazioni_bologna_2017/Distribuzione/bolideopendata-RDFTURTLE">
        <rdf:type rdf:resource="http://dati.gov.it/onto/dcatapitDistribution"/>
        <rdf:type rdf:resource="http://www.w3.org/ns/dcat#Distribution"/>
        <dc:title xml:lang="it">Distribuzione XML segnalazioni_bologna_2017</dc:title>
        <dc:description xml:lang="it">Distribuzione RDF-XML del dataset segnalazioni_bologna_2017</dc:description>
        <dc:format rdf:resource="http://publications.europa.eu/resource/authority/file-type/XML"/>
        <dc:license rdf:resource="https://www.dati.gov.it/content/italian-open-data-license-v20"/>
        <dcat:accessURL rdf:resource="https://github.com/bolideopendata/bolideopendata/tree/master/dataset/set-finali/segnalazioni_bologna_2017.xml"/>
      </rdf:Description>
    </dcat:distribution>

    <dcat:distribution>
      <rdf:Description rdf:about="https://bolideopendata.github.io/bolideopendata/dataset/set-finali/segnalazioni/segnalazioni_bologna_2017/Distribuzione/bolideopendata-CSV">
        <rdf:type rdf:resource="http://dati.gov.it/onto/dcatapitDistribution"/>
        <rdf:type rdf:resource="http://www.w3.org/ns/dcat#Distribution"/>
        <dc:title xml:lang="it">Distribuzione CSV segnalazioni_bologna_2017</dc:title>
        <dc:description xml:lang="it">Distribuzione CSV del dataset segnalazioni_bologna_2017</dc:description>
        <dc:format rdf:resource="http://publications.europa.eu/resource/authority/file-type/CSV"/>
        <dc:license rdf:resource="https://www.dati.gov.it/content/italian-open-data-license-v20"/>
        <dcat:accessURL rdf:resource="https://github.com/bolideopendata/bolideopendata/blob/master/dataset/set-finali/segnalazioni/segnalazioni_bologna_2017.csv"/>
      </rdf:Description>
    </dcat:distribution>

    <dcat:distribution>
      <rdf:Description rdf:about="https://bolideopendata.github.io/bolideopendata/dataset/set-finali/segnalazioni/segnalazioni_bologna_2017/Distribuzione/bolideopendata-JSON">
        <rdf:type rdf:resource="http://dati.gov.it/onto/dcatapitDistribution"/>
        <rdf:type rdf:resource="http://www.w3.org/ns/dcat#Distribution"/>
        <dc:title xml:lang="it">Distribuzione JSON segnalazioni_bologna_2017</dc:title>
        <dc:description xml:lang="it">Distribuzione JSON del dataset segnalazioni_bologna_2017</dc:description>
        <dc:format rdf:resource="http://publications.europa.eu/resource/authority/file-type/JSON"/>
        <dc:license rdf:resource="https://www.dati.gov.it/content/italian-open-data-license-v20"/>
        <dcat:accessURL rdf:resource="https://github.com/bolideopendata/bolideopendata/blob/master/dataset/set-finali/segnalazioni/segnalazioni_bologna_2017.json"/>
      </rdf:Description>
    </dcat:distribution>

    <dcat:contactPoint>
      <rdf:Description rdf:about="https://bolideopendata.github.io/bolideopendata/resource/PuntoContatto/contactPointbolideopendata">
        <rdf:type rdf:resource="http://dati.gov.it/onto/dcatapitAgent"/>
        <ns0:hasEmail rdf:resource="mailto:bolideopendata@gmail.com"/>
      </rdf:Description>
    </dcat:contactPoint>

    <dc:rightsHolder rdf:resource="Comune di Bologna"/>
    <dc:publisher rdf:resource="http://bolideopendata.github.io/team/bolideopendatateam"/>
    <dc:language rdf:resource="http://publications.europa.eu/resource/authority/language/ITA"/>
    <prov:wasDerivedFrom rdf:resource="http://dati.comune.bologna.it/download/file/fid/4490"/>
    <prov:wasDerivedFrom rdf:resource="http://dati.comune.bologna.it/download/file/fid/1275"/>
  </rdf:Description>

  <rdf:Description rdf:about="http://bolideopendata.github.io/bolideopendata/bolide-ns#measure1">
    <rdf:type rdf:resource="http://www.w3.org/ns/dqv#QualityMeasurement"/>
    <ns1:computedOn rdf:resource="https://bolideopendata.github.io/dataset/set-finali/segnalazioni/segnalazioni_bologna_2017.csv"/>
    <ns1:isMeasurementOf>
      <ns1:Metric rdf:about="http://bolideopendata.github.io/bolideopendata/bolide-ns#accuracyMetric">
        <skos:definition xml:lang="it">Se il dataset presenta sintassi e semantica accurate == True</skos:definition>
        <ns1:inDimension>
          <ns1:Dimension rdf:about="http://bolideopendata.github.io/bolideopendata/bolide-ns#accuracy">
            <skos:prefLabel xml:lang="it">Accuratezza</skos:prefLabel>
            <skos:definition xml:lang="it">Il grado in cui gli attributi rappresentano in maniera corretta il valore reale del dato in uno specifico contesto.</skos:definition>
            <ns1:inCategory rdf:resource="http://bolideopendata.github.io/bolideopendata/bolide-ns#intrinsicDimensions"/>
          </ns1:Dimension>
        </ns1:inDimension>

      </ns1:Metric>
    </ns1:isMeasurementOf>

    <ns1:value rdf:datatype="http://www.w3.org/2001/XMLSchema#boolean">true</ns1:value>
  </rdf:Description>

  <ns1:QualityMeasurement rdf:about="http://bolideopendata.github.io/bolideopendata/bolide-ns#measure2">
    <ns1:computedOn rdf:resource="https://bolideopendata.github.io/dataset/set-finali/segnalazioni/segnalazioni_bologna_2017.csv"/>
    <ns1:isMeasurementOf>
      <ns1:Metric rdf:about="http://bolideopendata.github.io/bolideopendata/bolide-ns#csvCompletenessMetric">
        <skos:definition xml:lang="it">Percentuale dei valori non-nulli all'interno del dataset.</skos:definition>
        <ns1:inDimension>
          <ns1:Dimension rdf:about="http://bolideopendata.github.io/bolideopendata/bolide-ns#completeness">
            <skos:prefLabel xml:lang="en">Completezza</skos:prefLabel>
            <skos:definition xml:lang="it">Il grado per cui il dato associato a un’entità presenta valori per tutti gli attributi attesi e relative istanze in un certo contesto.</skos:definition>
            <ns1:inCategory rdf:resource="http://bolideopendata.github.io/bolideopendata/bolide-ns#intrinsicDimensions"/>
          </ns1:Dimension>
        </ns1:inDimension>

      </ns1:Metric>
    </ns1:isMeasurementOf>

    <ns1:value rdf:datatype="http://www.w3.org/2001/XMLSchema#decimal">100.0</ns1:value>
  </ns1:QualityMeasurement>

  <ns1:QualityMeasurement rdf:about="http://bolideopendata.github.io/bolideopendata/bolide-ns#measure3">
    <ns1:computedOn rdf:resource="https://bolideopendata.github.io/dataset/set-finali/segnalazioni/segnalazioni_bologna_2017.csv"/>
    <ns1:isMeasurementOf rdf:resource="http://bolideopendata.github.io/bolideopendata/bolide-ns#coherenceMetric"/>
    <ns1:value rdf:datatype="http://www.w3.org/2001/XMLSchema#boolean">true</ns1:value>
  </ns1:QualityMeasurement>

  <ns1:QualityMeasurement rdf:about="http://bolideopendata.github.io/bolideopendata/bolide-ns#measure4">
    <ns1:computedOn rdf:resource="https://bolideopendata.github.io/dataset/set-finali/segnalazioni/segnalazioni_bologna_2017.csv"/>
    <ns1:isMeasurementOf rdf:resource="http://bolideopendata.github.io/bolideopendata/bolide-ns#coherenceMetric"/>
    <ns1:value rdf:datatype="http://www.w3.org/2001/XMLSchema#boolean">true</ns1:value>
  </ns1:QualityMeasurement>

  <ns1:QualityMeasurement rdf:about="http://bolideopendata.github.io/bolideopendata/bolide-ns#measure5">
    <ns1:computedOn rdf:resource="https://bolideopendata.github.io/dataset/set-finali/segnalazioni/segnalazioni_bologna_2017.csv"/>
    <ns1:isMeasurementOf>
      <ns1:Metric rdf:about="http://bolideopendata.github.io/bolideopendata/bolide-ns#availabilityMetric">
        <skos:definition xml:lang="en">Se l'URI è persistente, non ambiguo e scaricabile == True</skos:definition>
        <ns1:inDimension>
          <ns1:Dimension rdf:about="http://bolideopendata.github.io/bolideopendata/bolide-ns#availability">
            <skos:prefLabel xml:lang="it">Disponibilità</skos:prefLabel>
            <skos:definition xml:lang="it">Il grado in cui il dataset risulta essere facilmente raggiungibile e scaricabile.</skos:definition>
            <ns1:inCategory rdf:resource="http://bolideopendata.github.io/bolideopendata/bolide-ns#accessibility"/>
          </ns1:Dimension>
        </ns1:inDimension>

      </ns1:Metric>
    </ns1:isMeasurementOf>

    <ns1:value rdf:datatype="http://www.w3.org/2001/XMLSchema#boolean">true</ns1:value>
  </ns1:QualityMeasurement>

  <ns1:QualityMeasurement rdf:about="http://bolideopendata.github.io/bolideopendata/bolide-ns#measure6">
    <ns1:computedOn rdf:resource="https://bolideopendata.github.io/dataset/set-finali/segnalazioni/segnalazioni_bologna_2017.csv"/>
    <ns1:isMeasurementOf>
      <ns1:Metric rdf:about="http://bolideopendata.github.io/bolideopendata/bolide-ns#processabilityMetric">
        <skos:definition xml:lang="en">Se il dataset è pubblicato in formato .xml / .json / .rdf (e serializzazioni) == True</skos:definition>
        <ns1:inDimension>
          <ns1:Dimension rdf:about="http://bolideopendata.github.io/bolideopendata/bolide-ns#processability">
            <skos:prefLabel xml:lang="it">Processabilità</skos:prefLabel>
            <skos:definition xml:lang="it">Il grado in cui il dataset risulta essere consultabile non solo da agenti umani ma anche da agenti automatici.</skos:definition>
            <ns1:inCategory rdf:resource="http://bolideopendata.github.io/bolideopendata/bolide-ns#accessibility"/>
          </ns1:Dimension>
        </ns1:inDimension>

      </ns1:Metric>
    </ns1:isMeasurementOf>

    <ns1:value rdf:datatype="http://www.w3.org/2001/XMLSchema#boolean">true</ns1:value>
  </ns1:QualityMeasurement>

  <ns1:QualityMeasurement rdf:about="http://bolideopendata.github.io/bolideopendata/bolide-ns#measure7">
    <ns1:computedOn rdf:resource="https://bolideopendata.github.io/dataset/set-finali/segnalazioni/segnalazioni_bologna_2017.csv"/>
    <ns1:isMeasurementOf>
      <ns1:Metric rdf:about="http://bolideopendata.github.io/bolideopendata/bolide-ns#credibilityMetric">
        <skos:definition xml:lang="en">Se nei metadati che corredano il dataset è presente prov:wasDerivedFrom == True</skos:definition>
        <ns1:inDimension>
          <ns1:Dimension rdf:about="http://bolideopendata.github.io/bolideopendata/bolide-ns#credibility">
            <skos:prefLabel xml:lang="it">Credibilità</skos:prefLabel>
            <skos:definition xml:lang="it">Il grado in cui le informazioni contenute nel dataset risultano essere credibili e supportate da provenance</skos:definition>
            <ns1:inCategory rdf:resource="http://bolideopendata.github.io/bolideopendata/bolide-ns#accessibility"/>
          </ns1:Dimension>
        </ns1:inDimension>

      </ns1:Metric>
    </ns1:isMeasurementOf>

    <ns1:value rdf:datatype="http://www.w3.org/2001/XMLSchema#boolean">true</ns1:value>
  </ns1:QualityMeasurement>

  <ns1:Dimension rdf:about="http://bolideopendata.github.io/bolideopendata/bolide-ns#coherence">
    <skos:prefLabel xml:lang="it">Coerenza</skos:prefLabel>
    <skos:definition xml:lang="it">Il grado in cui gli attributi del dato non sono in contraddizione con altri dati in uno specifico contesto.</skos:definition>
    <ns1:inCategory rdf:resource="http://bolideopendata.github.io/bolideopendata/bolide-ns#intrinsicDimensions"/>
  </ns1:Dimension>

  <ns1:Dimension rdf:about="http://bolideopendata.github.io/bolideopendata/bolide-ns#timeliness">
    <skos:prefLabel xml:lang="it">Tempestività</skos:prefLabel>
    <skos:definition xml:lang="it">Il grado in cui gli attributi del dato sono al «giusto tempo» rispetto al contesto di riferimento.</skos:definition>
    <ns1:inCategory rdf:resource="http://bolideopendata.github.io/bolideopendata/bolide-ns#intrinsicDimensions"/>
  </ns1:Dimension>

  <ns1:Metric rdf:about="http://bolideopendata.github.io/bolideopendata/bolide-ns#coherenceMetric">
    <skos:definition xml:lang="it">Se il dataset non presenta contraddizioni interne == True</skos:definition>
    <ns1:inDimension rdf:resource="http://bolideopendata.github.io/bolideopendata/bolide-ns#coherence"/>
  </ns1:Metric>

  <ns1:Metric rdf:about="http://bolideopendata.github.io/bolideopendata/bolide-ns#timelinessMetric">
    <skos:definition xml:lang="it">Se la data di ultima modifica del dato rispetto al tempo di misurazione ricade nell'intervallo della frequenza di aggiornamento == True</skos:definition>
    <ns1:inDimension rdf:resource="http://bolideopendata.github.io/bolideopendata/bolide-ns#coherence"/>
  </ns1:Metric>

  <rdf:Description rdf:about="https://www.dati.gov.it/content/italian-open-data-license-v20">
    <rdf:type rdf:resource="http://dati.gov.it/onto/dcatapitLicenseDocument"/>
    <rdf:type rdf:resource="http://purl.org/dc/terms/LicenseDocument"/>
    <dc:type rdf:resource="http://purl.org/adms/licencetype/Attribution"/>
    <foaf:name>Italian Open Data License</foaf:name>
    <owl:versionInfo>2.0</owl:versionInfo>
  </rdf:Description>

</rdf:RDF>
