[
  {
    "Zona": "Borgo Panigale",
    "Reddito medio pro-capite 2009": 20027,
    "Reddito medio pro-capite 2010": 20289,
    "Reddito medio pro-capite 2011": 20371,
    "Reddito medio pro-capite 2012": 20509,
    "Reddito medio pro-capite 2013": 20996,
    "Reddito medio pro-capite 2014": 21142,
    "Reddito medio pro-capite 2015": 21427,
    "Reddito medio pro-capite 2016": 21429,
    "Movimento 5 Stelle Camera": 3642,
    "Percentuale voti Movimento 5 Stelle Camera": 26.27,
    "Il Popolo della Famiglia Camera": 68,
    "Percentuale voti Il Popolo della Famiglia Camera": 0.49,
    "Per una Sinistra Rivoluzionaria Camera": 36,
    "Percentuale voti Per una Sinistra Rivoluzionaria Camera": 0.26,
    "Partito Comunista Camera": 129,
    "Percentuale voti Partito Comunista Camera": 0.93,
    "Civica Popolare Camera": 59,
    "Percentuale voti Civica Popolare Camera": 0.43,
    "Partito Democratico Camera": 4649,
    "Percentuale voti Partito Democratico Camera": 33.53,
    "Italia Europa Insieme Camera": 131,
    "Percentuale voti Italia Europa Insieme Camera": 0.94,
    "Piu Europa Camera": 466,
    "Percentuale voti Piu Europa Camera": 3.36,
    "Unione di Centro Camera": 103,
    "Percentuale voti Unione di Centro Camera": 0.74,
    "Forza Italia Camera": 1011,
    "Percentuale voti Forza Italia Camera": 7.29,
    "Lega Nord Camera": 1975,
    "Percentuale voti Lega Nord Camera": 14.24,
    "Fratelli d Italia Camera": 367,
    "Percentuale voti Fratelli d Italia Camera": 2.65,
    "Italia agli Italiani Camera": 38,
    "Percentuale voti Italia agli Italiani Camera": 0.27,
    "Partito Repubblicano Italiano - Alleanza Liberalpopolare - Autonomie Camera": 14,
    "Percentuale voti Partito Repubblicano Italiano - Alleanza Liberalpopolare - Autonomie Camera": 0.1,
    "Potere al Popolo Camera": 184,
    "Percentuale voti Potere al Popolo Camera": 1.33,
    "Liberi e Uguali Camera": 918,
    "Percentuale voti Liberi e Uguali Camera": 6.62,
    "Casa Pound Camera": 76,
    "Percentuale voti Casa Pound Camera": 0.55,
    "Totale Voti Validi Camera": 13866,
    "Movimento per le Destre unite - Movimento per i Forconi Senato": 23,
    "Percentuale voti Movimento per le Destre unite - Movimento per i Forconi Senato": 0.18,
    "Il Popolo della Famiglia Senato": 62,
    "Percentuale voti Il Popolo della Famiglia Senato": 0.48,
    "Partito Repubblicato Italiano - Alleanza Liberalpopolare - Autonomie Senato": 19,
    "Percentuale voti Partito Repubblicato Italiano - Alleanza Liberalpopolare - Autonomie Senato": 0.15,
    "Potere al Popolo Senato": 160,
    "Percentuale voti Potere al Popolo Senato": 1.24,
    "Civica Popolare Senato": 67,
    "Percentuale voti Civica Popolare Senato": 0.52,
    "Italia Europa Insieme Senato": 113,
    "Percentuale voti Italia Europa Insieme Senato": 0.87,
    "Piu Europa Senato": 407,
    "Percentuale voti Piu Europa Senato": 3.14,
    "Partito Democratico Senato": 4219,
    "Percentuale voti Partito Democratico Senato": 32.59,
    "Per una Sinistra Rivoluzionaria Senato": 39,
    "Percentuale voti Per una Sinistra Rivoluzionaria Senato": 0.3,
    "Partito Comunista Senato": 127,
    "Percentuale voti Partito Comunista Senato": 0.98,
    "CasaPound Senato": 56,
    "Percentuale voti CasaPound Senato": 0.43,
    "Liberi e Uguali Senato": 1002,
    "Percentuale voti Liberi e Uguali Senato": 7.74,
    "Italia agli Italiani Senato": 39,
    "Percentuale voti Italia agli Italiani Senato": 0.3,
    "Movimento 5 Stelle Senato": 3325,
    "Percentuale voti Movimento 5 Stelle Senato": 25.68,
    "Forza Italia Senato": 976,
    "Percentuale voti Forza Italia Senato": 7.54,
    "Unione di Centro Senato": 50,
    "Percentuale voti Unione di Centro Senato": 0.39,
    "Lega Nord Senato": 1908,
    "Percentuale voti Lega Nord Senato": 14.74,
    "Fratelli d Italia Senato": 355,
    "Percentuale voti Fratelli d Italia Senato": 2.74,
    "Totale Voti Validi Senato": 12947,
    "Residenti": 26445
  },
  {
    "Zona": "Lame",
    "Reddito medio pro-capite 2009": 20575,
    "Reddito medio pro-capite 2010": 20557,
    "Reddito medio pro-capite 2011": 20657,
    "Reddito medio pro-capite 2012": 20898,
    "Reddito medio pro-capite 2013": 21102,
    "Reddito medio pro-capite 2014": 21178,
    "Reddito medio pro-capite 2015": 21356,
    "Reddito medio pro-capite 2016": 21343,
    "Movimento 5 Stelle Camera": 2048,
    "Percentuale voti Movimento 5 Stelle Camera": 27.09,
    "Il Popolo della Famiglia Camera": 28,
    "Percentuale voti Il Popolo della Famiglia Camera": 0.37,
    "Per una Sinistra Rivoluzionaria Camera": 16,
    "Percentuale voti Per una Sinistra Rivoluzionaria Camera": 0.21,
    "Partito Comunista Camera": 72,
    "Percentuale voti Partito Comunista Camera": 0.95,
    "Civica Popolare Camera": 46,
    "Percentuale voti Civica Popolare Camera": 0.61,
    "Partito Democratico Camera": 2283,
    "Percentuale voti Partito Democratico Camera": 30.2,
    "Italia Europa Insieme Camera": 95,
    "Percentuale voti Italia Europa Insieme Camera": 1.26,
    "Piu Europa Camera": 313,
    "Percentuale voti Piu Europa Camera": 4.14,
    "Unione di Centro Camera": 25,
    "Percentuale voti Unione di Centro Camera": 0.33,
    "Forza Italia Camera": 573,
    "Percentuale voti Forza Italia Camera": 7.58,
    "Lega Nord Camera": 1064,
    "Percentuale voti Lega Nord Camera": 14.08,
    "Fratelli d Italia Camera": 194,
    "Percentuale voti Fratelli d Italia Camera": 2.57,
    "Italia agli Italiani Camera": 25,
    "Percentuale voti Italia agli Italiani Camera": 0.33,
    "Partito Repubblicano Italiano - Alleanza Liberalpopolare - Autonomie Camera": 9,
    "Percentuale voti Partito Repubblicano Italiano - Alleanza Liberalpopolare - Autonomie Camera": 0.12,
    "Potere al Popolo Camera": 150,
    "Percentuale voti Potere al Popolo Camera": 1.98,
    "Liberi e Uguali Camera": 577,
    "Percentuale voti Liberi e Uguali Camera": 7.63,
    "Casa Pound Camera": 41,
    "Percentuale voti Casa Pound Camera": 0.54,
    "Totale Voti Validi Camera": 7559,
    "Movimento per le Destre unite - Movimento per i Forconi Senato": 17,
    "Percentuale voti Movimento per le Destre unite - Movimento per i Forconi Senato": 0.24,
    "Il Popolo della Famiglia Senato": 25,
    "Percentuale voti Il Popolo della Famiglia Senato": 0.35,
    "Partito Repubblicato Italiano - Alleanza Liberalpopolare - Autonomie Senato": 10,
    "Percentuale voti Partito Repubblicato Italiano - Alleanza Liberalpopolare - Autonomie Senato": 0.14,
    "Potere al Popolo Senato": 133,
    "Percentuale voti Potere al Popolo Senato": 1.88,
    "Civica Popolare Senato": 54,
    "Percentuale voti Civica Popolare Senato": 0.77,
    "Italia Europa Insieme Senato": 68,
    "Percentuale voti Italia Europa Insieme Senato": 0.96,
    "Piu Europa Senato": 252,
    "Percentuale voti Piu Europa Senato": 3.57,
    "Partito Democratico Senato": 2091,
    "Percentuale voti Partito Democratico Senato": 29.63,
    "Per una Sinistra Rivoluzionaria Senato": 16,
    "Percentuale voti Per una Sinistra Rivoluzionaria Senato": 0.23,
    "Partito Comunista Senato": 63,
    "Percentuale voti Partito Comunista Senato": 0.89,
    "CasaPound Senato": 33,
    "Percentuale voti CasaPound Senato": 0.47,
    "Liberi e Uguali Senato": 614,
    "Percentuale voti Liberi e Uguali Senato": 8.7,
    "Italia agli Italiani Senato": 27,
    "Percentuale voti Italia agli Italiani Senato": 0.38,
    "Movimento 5 Stelle Senato": 1881,
    "Percentuale voti Movimento 5 Stelle Senato": 26.65,
    "Forza Italia Senato": 539,
    "Percentuale voti Forza Italia Senato": 7.64,
    "Unione di Centro Senato": 19,
    "Percentuale voti Unione di Centro Senato": 0.27,
    "Lega Nord Senato": 1033,
    "Percentuale voti Lega Nord Senato": 14.64,
    "Fratelli d Italia Senato": 182,
    "Percentuale voti Fratelli d Italia Senato": 2.58,
    "Totale Voti Validi Senato": 7057,
    "Residenti": 14753
  },
  {
    "Zona": "Corticella",
    "Reddito medio pro-capite 2009": 21145,
    "Reddito medio pro-capite 2010": 21228,
    "Reddito medio pro-capite 2011": 21365,
    "Reddito medio pro-capite 2012": 22003,
    "Reddito medio pro-capite 2013": 21994,
    "Reddito medio pro-capite 2014": 22056,
    "Reddito medio pro-capite 2015": 22268,
    "Reddito medio pro-capite 2016": 22442,
    "Movimento 5 Stelle Camera": 2422,
    "Percentuale voti Movimento 5 Stelle Camera": 25.42,
    "Il Popolo della Famiglia Camera": 36,
    "Percentuale voti Il Popolo della Famiglia Camera": 0.38,
    "Per una Sinistra Rivoluzionaria Camera": 26,
    "Percentuale voti Per una Sinistra Rivoluzionaria Camera": 0.27,
    "Partito Comunista Camera": 87,
    "Percentuale voti Partito Comunista Camera": 0.91,
    "Civica Popolare Camera": 55,
    "Percentuale voti Civica Popolare Camera": 0.58,
    "Partito Democratico Camera": 3240,
    "Percentuale voti Partito Democratico Camera": 34,
    "Italia Europa Insieme Camera": 103,
    "Percentuale voti Italia Europa Insieme Camera": 1.08,
    "Piu Europa Camera": 355,
    "Percentuale voti Piu Europa Camera": 3.73,
    "Unione di Centro Camera": 45,
    "Percentuale voti Unione di Centro Camera": 0.47,
    "Forza Italia Camera": 655,
    "Percentuale voti Forza Italia Camera": 6.87,
    "Lega Nord Camera": 1234,
    "Percentuale voti Lega Nord Camera": 12.95,
    "Fratelli d Italia Camera": 254,
    "Percentuale voti Fratelli d Italia Camera": 2.67,
    "Italia agli Italiani Camera": 38,
    "Percentuale voti Italia agli Italiani Camera": 0.4,
    "Partito Repubblicano Italiano - Alleanza Liberalpopolare - Autonomie Camera": 6,
    "Percentuale voti Partito Repubblicano Italiano - Alleanza Liberalpopolare - Autonomie Camera": 0.06,
    "Potere al Popolo Camera": 156,
    "Percentuale voti Potere al Popolo Camera": 1.64,
    "Liberi e Uguali Camera": 782,
    "Percentuale voti Liberi e Uguali Camera": 8.21,
    "Casa Pound Camera": 35,
    "Percentuale voti Casa Pound Camera": 0.37,
    "Totale Voti Validi Camera": 9529,
    "Movimento per le Destre unite - Movimento per i Forconi Senato": 9,
    "Percentuale voti Movimento per le Destre unite - Movimento per i Forconi Senato": 0.1,
    "Il Popolo della Famiglia Senato": 33,
    "Percentuale voti Il Popolo della Famiglia Senato": 0.37,
    "Partito Repubblicato Italiano - Alleanza Liberalpopolare - Autonomie Senato": 9,
    "Percentuale voti Partito Repubblicato Italiano - Alleanza Liberalpopolare - Autonomie Senato": 0.1,
    "Potere al Popolo Senato": 144,
    "Percentuale voti Potere al Popolo Senato": 1.62,
    "Civica Popolare Senato": 43,
    "Percentuale voti Civica Popolare Senato": 0.48,
    "Italia Europa Insieme Senato": 87,
    "Percentuale voti Italia Europa Insieme Senato": 0.98,
    "Piu Europa Senato": 285,
    "Percentuale voti Piu Europa Senato": 3.2,
    "Partito Democratico Senato": 3015,
    "Percentuale voti Partito Democratico Senato": 33.82,
    "Per una Sinistra Rivoluzionaria Senato": 21,
    "Percentuale voti Per una Sinistra Rivoluzionaria Senato": 0.24,
    "Partito Comunista Senato": 82,
    "Percentuale voti Partito Comunista Senato": 0.92,
    "CasaPound Senato": 25,
    "Percentuale voti CasaPound Senato": 0.28,
    "Liberi e Uguali Senato": 844,
    "Percentuale voti Liberi e Uguali Senato": 9.47,
    "Italia agli Italiani Senato": 27,
    "Percentuale voti Italia agli Italiani Senato": 0.3,
    "Movimento 5 Stelle Senato": 2226,
    "Percentuale voti Movimento 5 Stelle Senato": 24.97,
    "Forza Italia Senato": 619,
    "Percentuale voti Forza Italia Senato": 6.94,
    "Unione di Centro Senato": 40,
    "Percentuale voti Unione di Centro Senato": 0.45,
    "Lega Nord Senato": 1176,
    "Percentuale voti Lega Nord Senato": 13.19,
    "Fratelli d Italia Senato": 230,
    "Percentuale voti Fratelli d Italia Senato": 2.58,
    "Totale Voti Validi Senato": 8915,
    "Residenti": 18499
  },
  {
    "Zona": "San Donato",
    "Reddito medio pro-capite 2009": 19188,
    "Reddito medio pro-capite 2010": 19383,
    "Reddito medio pro-capite 2011": 19225,
    "Reddito medio pro-capite 2012": 19433,
    "Reddito medio pro-capite 2013": 19845,
    "Reddito medio pro-capite 2014": 19803,
    "Reddito medio pro-capite 2015": 20167,
    "Reddito medio pro-capite 2016": 20247,
    "Movimento 5 Stelle Camera": 3873,
    "Percentuale voti Movimento 5 Stelle Camera": 25.39,
    "Il Popolo della Famiglia Camera": 90,
    "Percentuale voti Il Popolo della Famiglia Camera": 0.59,
    "Per una Sinistra Rivoluzionaria Camera": 41,
    "Percentuale voti Per una Sinistra Rivoluzionaria Camera": 0.27,
    "Partito Comunista Camera": 153,
    "Percentuale voti Partito Comunista Camera": 1,
    "Civica Popolare Camera": 102,
    "Percentuale voti Civica Popolare Camera": 0.67,
    "Partito Democratico Camera": 4600,
    "Percentuale voti Partito Democratico Camera": 30.15,
    "Italia Europa Insieme Camera": 136,
    "Percentuale voti Italia Europa Insieme Camera": 0.89,
    "Piu Europa Camera": 638,
    "Percentuale voti Piu Europa Camera": 4.18,
    "Unione di Centro Camera": 59,
    "Percentuale voti Unione di Centro Camera": 0.39,
    "Forza Italia Camera": 1202,
    "Percentuale voti Forza Italia Camera": 7.88,
    "Lega Nord Camera": 2158,
    "Percentuale voti Lega Nord Camera": 14.14,
    "Fratelli d Italia Camera": 401,
    "Percentuale voti Fratelli d Italia Camera": 2.63,
    "Italia agli Italiani Camera": 62,
    "Percentuale voti Italia agli Italiani Camera": 0.41,
    "Partito Repubblicano Italiano - Alleanza Liberalpopolare - Autonomie Camera": 22,
    "Percentuale voti Partito Repubblicano Italiano - Alleanza Liberalpopolare - Autonomie Camera": 0.14,
    "Potere al Popolo Camera": 394,
    "Percentuale voti Potere al Popolo Camera": 2.58,
    "Liberi e Uguali Camera": 1250,
    "Percentuale voti Liberi e Uguali Camera": 8.19,
    "Casa Pound Camera": 76,
    "Percentuale voti Casa Pound Camera": 0.5,
    "Totale Voti Validi Camera": 15257,
    "Movimento per le Destre unite - Movimento per i Forconi Senato": 28,
    "Percentuale voti Movimento per le Destre unite - Movimento per i Forconi Senato": 0.2,
    "Il Popolo della Famiglia Senato": 87,
    "Percentuale voti Il Popolo della Famiglia Senato": 0.61,
    "Partito Repubblicato Italiano - Alleanza Liberalpopolare - Autonomie Senato": 23,
    "Percentuale voti Partito Repubblicato Italiano - Alleanza Liberalpopolare - Autonomie Senato": 0.16,
    "Potere al Popolo Senato": 363,
    "Percentuale voti Potere al Popolo Senato": 2.53,
    "Civica Popolare Senato": 246,
    "Percentuale voti Civica Popolare Senato": 1.72,
    "Italia Europa Insieme Senato": 141,
    "Percentuale voti Italia Europa Insieme Senato": 0.98,
    "Piu Europa Senato": 473,
    "Percentuale voti Piu Europa Senato": 3.3,
    "Partito Democratico Senato": 4099,
    "Percentuale voti Partito Democratico Senato": 28.62,
    "Per una Sinistra Rivoluzionaria Senato": 43,
    "Percentuale voti Per una Sinistra Rivoluzionaria Senato": 0.3,
    "Partito Comunista Senato": 138,
    "Percentuale voti Partito Comunista Senato": 0.96,
    "CasaPound Senato": 78,
    "Percentuale voti CasaPound Senato": 0.54,
    "Liberi e Uguali Senato": 1337,
    "Percentuale voti Liberi e Uguali Senato": 9.33,
    "Italia agli Italiani Senato": 56,
    "Percentuale voti Italia agli Italiani Senato": 0.39,
    "Movimento 5 Stelle Senato": 3552,
    "Percentuale voti Movimento 5 Stelle Senato": 24.8,
    "Forza Italia Senato": 1156,
    "Percentuale voti Forza Italia Senato": 8.07,
    "Unione di Centro Senato": 60,
    "Percentuale voti Unione di Centro Senato": 0.42,
    "Lega Nord Senato": 2079,
    "Percentuale voti Lega Nord Senato": 14.52,
    "Fratelli d Italia Senato": 364,
    "Percentuale voti Fratelli d Italia Senato": 2.54,
    "Totale Voti Validi Senato": 14323,
    "Residenti": 31523
  },
  {
    "Zona": "Bolognina",
    "Reddito medio pro-capite 2009": 19941,
    "Reddito medio pro-capite 2010": 19788,
    "Reddito medio pro-capite 2011": 19717,
    "Reddito medio pro-capite 2012": 19819,
    "Reddito medio pro-capite 2013": 20219,
    "Reddito medio pro-capite 2014": 20235,
    "Reddito medio pro-capite 2015": 20307,
    "Reddito medio pro-capite 2016": 20451,
    "Movimento 5 Stelle Camera": 3911,
    "Percentuale voti Movimento 5 Stelle Camera": 24.99,
    "Il Popolo della Famiglia Camera": 70,
    "Percentuale voti Il Popolo della Famiglia Camera": 0.45,
    "Per una Sinistra Rivoluzionaria Camera": 40,
    "Percentuale voti Per una Sinistra Rivoluzionaria Camera": 0.26,
    "Partito Comunista Camera": 114,
    "Percentuale voti Partito Comunista Camera": 0.73,
    "Civica Popolare Camera": 80,
    "Percentuale voti Civica Popolare Camera": 0.51,
    "Partito Democratico Camera": 4319,
    "Percentuale voti Partito Democratico Camera": 27.6,
    "Italia Europa Insieme Camera": 186,
    "Percentuale voti Italia Europa Insieme Camera": 1.19,
    "Piu Europa Camera": 852,
    "Percentuale voti Piu Europa Camera": 5.44,
    "Unione di Centro Camera": 47,
    "Percentuale voti Unione di Centro Camera": 0.3,
    "Forza Italia Camera": 1199,
    "Percentuale voti Forza Italia Camera": 7.66,
    "Lega Nord Camera": 2184,
    "Percentuale voti Lega Nord Camera": 13.96,
    "Fratelli d Italia Camera": 431,
    "Percentuale voti Fratelli d Italia Camera": 2.75,
    "Italia agli Italiani Camera": 46,
    "Percentuale voti Italia agli Italiani Camera": 0.29,
    "Partito Repubblicano Italiano - Alleanza Liberalpopolare - Autonomie Camera": 19,
    "Percentuale voti Partito Repubblicano Italiano - Alleanza Liberalpopolare - Autonomie Camera": 0.12,
    "Potere al Popolo Camera": 664,
    "Percentuale voti Potere al Popolo Camera": 4.24,
    "Liberi e Uguali Camera": 1401,
    "Percentuale voti Liberi e Uguali Camera": 8.95,
    "Casa Pound Camera": 86,
    "Percentuale voti Casa Pound Camera": 0.55,
    "Totale Voti Validi Camera": 15649,
    "Movimento per le Destre unite - Movimento per i Forconi Senato": 21,
    "Percentuale voti Movimento per le Destre unite - Movimento per i Forconi Senato": 0.14,
    "Il Popolo della Famiglia Senato": 71,
    "Percentuale voti Il Popolo della Famiglia Senato": 0.48,
    "Partito Repubblicato Italiano - Alleanza Liberalpopolare - Autonomie Senato": 20,
    "Percentuale voti Partito Repubblicato Italiano - Alleanza Liberalpopolare - Autonomie Senato": 0.14,
    "Potere al Popolo Senato": 636,
    "Percentuale voti Potere al Popolo Senato": 4.34,
    "Civica Popolare Senato": 74,
    "Percentuale voti Civica Popolare Senato": 0.5,
    "Italia Europa Insieme Senato": 172,
    "Percentuale voti Italia Europa Insieme Senato": 1.17,
    "Piu Europa Senato": 658,
    "Percentuale voti Piu Europa Senato": 4.49,
    "Partito Democratico Senato": 3895,
    "Percentuale voti Partito Democratico Senato": 26.56,
    "Per una Sinistra Rivoluzionaria Senato": 44,
    "Percentuale voti Per una Sinistra Rivoluzionaria Senato": 0.3,
    "Partito Comunista Senato": 127,
    "Percentuale voti Partito Comunista Senato": 0.87,
    "CasaPound Senato": 73,
    "Percentuale voti CasaPound Senato": 0.5,
    "Liberi e Uguali Senato": 1529,
    "Percentuale voti Liberi e Uguali Senato": 10.43,
    "Italia agli Italiani Senato": 53,
    "Percentuale voti Italia agli Italiani Senato": 0.36,
    "Movimento 5 Stelle Senato": 3622,
    "Percentuale voti Movimento 5 Stelle Senato": 24.7,
    "Forza Italia Senato": 1142,
    "Percentuale voti Forza Italia Senato": 7.79,
    "Unione di Centro Senato": 38,
    "Percentuale voti Unione di Centro Senato": 0.26,
    "Lega Nord Senato": 2098,
    "Percentuale voti Lega Nord Senato": 14.31,
    "Fratelli d Italia Senato": 391,
    "Percentuale voti Fratelli d Italia Senato": 2.67,
    "Totale Voti Validi Senato": 14664,
    "Residenti": 35546
  },
  {
    "Zona": "Santa Viola",
    "Reddito medio pro-capite 2009": 21314,
    "Reddito medio pro-capite 2010": 21275,
    "Reddito medio pro-capite 2011": 21548,
    "Reddito medio pro-capite 2012": 21708,
    "Reddito medio pro-capite 2013": 22071,
    "Reddito medio pro-capite 2014": 22090,
    "Reddito medio pro-capite 2015": 22656,
    "Reddito medio pro-capite 2016": 22784,
    "Movimento 5 Stelle Camera": 1841,
    "Percentuale voti Movimento 5 Stelle Camera": 27.02,
    "Il Popolo della Famiglia Camera": 34,
    "Percentuale voti Il Popolo della Famiglia Camera": 0.5,
    "Per una Sinistra Rivoluzionaria Camera": 13,
    "Percentuale voti Per una Sinistra Rivoluzionaria Camera": 0.19,
    "Partito Comunista Camera": 57,
    "Percentuale voti Partito Comunista Camera": 0.84,
    "Civica Popolare Camera": 38,
    "Percentuale voti Civica Popolare Camera": 0.56,
    "Partito Democratico Camera": 2010,
    "Percentuale voti Partito Democratico Camera": 29.5,
    "Italia Europa Insieme Camera": 74,
    "Percentuale voti Italia Europa Insieme Camera": 1.09,
    "Piu Europa Camera": 309,
    "Percentuale voti Piu Europa Camera": 4.54,
    "Unione di Centro Camera": 20,
    "Percentuale voti Unione di Centro Camera": 0.29,
    "Forza Italia Camera": 511,
    "Percentuale voti Forza Italia Camera": 7.5,
    "Lega Nord Camera": 952,
    "Percentuale voti Lega Nord Camera": 13.97,
    "Fratelli d Italia Camera": 201,
    "Percentuale voti Fratelli d Italia Camera": 2.95,
    "Italia agli Italiani Camera": 28,
    "Percentuale voti Italia agli Italiani Camera": 0.41,
    "Partito Repubblicano Italiano - Alleanza Liberalpopolare - Autonomie Camera": 7,
    "Percentuale voti Partito Repubblicano Italiano - Alleanza Liberalpopolare - Autonomie Camera": 0.1,
    "Potere al Popolo Camera": 137,
    "Percentuale voti Potere al Popolo Camera": 2.01,
    "Liberi e Uguali Camera": 535,
    "Percentuale voti Liberi e Uguali Camera": 7.85,
    "Casa Pound Camera": 46,
    "Percentuale voti Casa Pound Camera": 0.68,
    "Totale Voti Validi Camera": 6813,
    "Movimento per le Destre unite - Movimento per i Forconi Senato": 7,
    "Percentuale voti Movimento per le Destre unite - Movimento per i Forconi Senato": 0.11,
    "Il Popolo della Famiglia Senato": 28,
    "Percentuale voti Il Popolo della Famiglia Senato": 0.44,
    "Partito Repubblicato Italiano - Alleanza Liberalpopolare - Autonomie Senato": 12,
    "Percentuale voti Partito Repubblicato Italiano - Alleanza Liberalpopolare - Autonomie Senato": 0.19,
    "Potere al Popolo Senato": 130,
    "Percentuale voti Potere al Popolo Senato": 2.04,
    "Civica Popolare Senato": 26,
    "Percentuale voti Civica Popolare Senato": 0.41,
    "Italia Europa Insieme Senato": 68,
    "Percentuale voti Italia Europa Insieme Senato": 1.07,
    "Piu Europa Senato": 252,
    "Percentuale voti Piu Europa Senato": 3.95,
    "Partito Democratico Senato": 1818,
    "Percentuale voti Partito Democratico Senato": 28.52,
    "Per una Sinistra Rivoluzionaria Senato": 14,
    "Percentuale voti Per una Sinistra Rivoluzionaria Senato": 0.22,
    "Partito Comunista Senato": 63,
    "Percentuale voti Partito Comunista Senato": 0.99,
    "CasaPound Senato": 35,
    "Percentuale voti CasaPound Senato": 0.55,
    "Liberi e Uguali Senato": 583,
    "Percentuale voti Liberi e Uguali Senato": 9.15,
    "Italia agli Italiani Senato": 22,
    "Percentuale voti Italia agli Italiani Senato": 0.35,
    "Movimento 5 Stelle Senato": 1713,
    "Percentuale voti Movimento 5 Stelle Senato": 26.87,
    "Forza Italia Senato": 499,
    "Percentuale voti Forza Italia Senato": 7.83,
    "Unione di Centro Senato": 19,
    "Percentuale voti Unione di Centro Senato": 0.3,
    "Lega Nord Senato": 901,
    "Percentuale voti Lega Nord Senato": 14.13,
    "Fratelli d Italia Senato": 185,
    "Percentuale voti Fratelli d Italia Senato": 2.9,
    "Totale Voti Validi Senato": 6375,
    "Residenti": 13362
  },
  {
    "Zona": "Barca",
    "Reddito medio pro-capite 2009": 20466,
    "Reddito medio pro-capite 2010": 20735,
    "Reddito medio pro-capite 2011": 20934,
    "Reddito medio pro-capite 2012": 21236,
    "Reddito medio pro-capite 2013": 21649,
    "Reddito medio pro-capite 2014": 21689,
    "Reddito medio pro-capite 2015": 21737,
    "Reddito medio pro-capite 2016": 21906,
    "Movimento 5 Stelle Camera": 2687,
    "Percentuale voti Movimento 5 Stelle Camera": 23.76,
    "Il Popolo della Famiglia Camera": 70,
    "Percentuale voti Il Popolo della Famiglia Camera": 0.62,
    "Per una Sinistra Rivoluzionaria Camera": 21,
    "Percentuale voti Per una Sinistra Rivoluzionaria Camera": 0.19,
    "Partito Comunista Camera": 102,
    "Percentuale voti Partito Comunista Camera": 0.9,
    "Civica Popolare Camera": 62,
    "Percentuale voti Civica Popolare Camera": 0.55,
    "Partito Democratico Camera": 3800,
    "Percentuale voti Partito Democratico Camera": 33.6,
    "Italia Europa Insieme Camera": 132,
    "Percentuale voti Italia Europa Insieme Camera": 1.17,
    "Piu Europa Camera": 455,
    "Percentuale voti Piu Europa Camera": 4.02,
    "Unione di Centro Camera": 44,
    "Percentuale voti Unione di Centro Camera": 0.39,
    "Forza Italia Camera": 864,
    "Percentuale voti Forza Italia Camera": 7.64,
    "Lega Nord Camera": 1567,
    "Percentuale voti Lega Nord Camera": 13.86,
    "Fratelli d Italia Camera": 327,
    "Percentuale voti Fratelli d Italia Camera": 2.89,
    "Italia agli Italiani Camera": 38,
    "Percentuale voti Italia agli Italiani Camera": 0.34,
    "Partito Repubblicano Italiano - Alleanza Liberalpopolare - Autonomie Camera": 17,
    "Percentuale voti Partito Repubblicano Italiano - Alleanza Liberalpopolare - Autonomie Camera": 0.15,
    "Potere al Popolo Camera": 209,
    "Percentuale voti Potere al Popolo Camera": 1.85,
    "Liberi e Uguali Camera": 864,
    "Percentuale voti Liberi e Uguali Camera": 7.64,
    "Casa Pound Camera": 50,
    "Percentuale voti Casa Pound Camera": 0.44,
    "Totale Voti Validi Camera": 11309,
    "Movimento per le Destre unite - Movimento per i Forconi Senato": 14,
    "Percentuale voti Movimento per le Destre unite - Movimento per i Forconi Senato": 0.13,
    "Il Popolo della Famiglia Senato": 66,
    "Percentuale voti Il Popolo della Famiglia Senato": 0.63,
    "Partito Repubblicato Italiano - Alleanza Liberalpopolare - Autonomie Senato": 12,
    "Percentuale voti Partito Repubblicato Italiano - Alleanza Liberalpopolare - Autonomie Senato": 0.11,
    "Potere al Popolo Senato": 184,
    "Percentuale voti Potere al Popolo Senato": 1.74,
    "Civica Popolare Senato": 65,
    "Percentuale voti Civica Popolare Senato": 0.62,
    "Italia Europa Insieme Senato": 120,
    "Percentuale voti Italia Europa Insieme Senato": 1.14,
    "Piu Europa Senato": 356,
    "Percentuale voti Piu Europa Senato": 3.37,
    "Partito Democratico Senato": 3471,
    "Percentuale voti Partito Democratico Senato": 32.9,
    "Per una Sinistra Rivoluzionaria Senato": 28,
    "Percentuale voti Per una Sinistra Rivoluzionaria Senato": 0.27,
    "Partito Comunista Senato": 93,
    "Percentuale voti Partito Comunista Senato": 0.88,
    "CasaPound Senato": 45,
    "Percentuale voti CasaPound Senato": 0.43,
    "Liberi e Uguali Senato": 939,
    "Percentuale voti Liberi e Uguali Senato": 8.9,
    "Italia agli Italiani Senato": 40,
    "Percentuale voti Italia agli Italiani Senato": 0.38,
    "Movimento 5 Stelle Senato": 2499,
    "Percentuale voti Movimento 5 Stelle Senato": 23.68,
    "Forza Italia Senato": 817,
    "Percentuale voti Forza Italia Senato": 7.74,
    "Unione di Centro Senato": 34,
    "Percentuale voti Unione di Centro Senato": 0.32,
    "Lega Nord Senato": 1470,
    "Percentuale voti Lega Nord Senato": 13.93,
    "Fratelli d Italia Senato": 298,
    "Percentuale voti Fratelli d Italia Senato": 2.82,
    "Totale Voti Validi Senato": 10551,
    "Residenti": 21050
  },
  {
    "Zona": "Saffi",
    "Reddito medio pro-capite 2009": 22011,
    "Reddito medio pro-capite 2010": 22113,
    "Reddito medio pro-capite 2011": 22437,
    "Reddito medio pro-capite 2012": 22567,
    "Reddito medio pro-capite 2013": 22807,
    "Reddito medio pro-capite 2014": 22787,
    "Reddito medio pro-capite 2015": 23084,
    "Reddito medio pro-capite 2016": 23289,
    "Movimento 5 Stelle Camera": 2295,
    "Percentuale voti Movimento 5 Stelle Camera": 23.88,
    "Il Popolo della Famiglia Camera": 40,
    "Percentuale voti Il Popolo della Famiglia Camera": 0.42,
    "Per una Sinistra Rivoluzionaria Camera": 24,
    "Percentuale voti Per una Sinistra Rivoluzionaria Camera": 0.25,
    "Partito Comunista Camera": 52,
    "Percentuale voti Partito Comunista Camera": 0.54,
    "Civica Popolare Camera": 58,
    "Percentuale voti Civica Popolare Camera": 0.6,
    "Partito Democratico Camera": 2646,
    "Percentuale voti Partito Democratico Camera": 27.53,
    "Italia Europa Insieme Camera": 134,
    "Percentuale voti Italia Europa Insieme Camera": 1.39,
    "Piu Europa Camera": 595,
    "Percentuale voti Piu Europa Camera": 6.19,
    "Unione di Centro Camera": 52,
    "Percentuale voti Unione di Centro Camera": 0.54,
    "Forza Italia Camera": 801,
    "Percentuale voti Forza Italia Camera": 8.34,
    "Lega Nord Camera": 1281,
    "Percentuale voti Lega Nord Camera": 13.33,
    "Fratelli d Italia Camera": 340,
    "Percentuale voti Fratelli d Italia Camera": 3.54,
    "Italia agli Italiani Camera": 38,
    "Percentuale voti Italia agli Italiani Camera": 0.4,
    "Partito Repubblicano Italiano - Alleanza Liberalpopolare - Autonomie Camera": 4,
    "Percentuale voti Partito Repubblicano Italiano - Alleanza Liberalpopolare - Autonomie Camera": 0.04,
    "Potere al Popolo Camera": 299,
    "Percentuale voti Potere al Popolo Camera": 3.11,
    "Liberi e Uguali Camera": 889,
    "Percentuale voti Liberi e Uguali Camera": 9.25,
    "Casa Pound Camera": 62,
    "Percentuale voti Casa Pound Camera": 0.65,
    "Totale Voti Validi Camera": 9610,
    "Movimento per le Destre unite - Movimento per i Forconi Senato": 9,
    "Percentuale voti Movimento per le Destre unite - Movimento per i Forconi Senato": 0.1,
    "Il Popolo della Famiglia Senato": 39,
    "Percentuale voti Il Popolo della Famiglia Senato": 0.44,
    "Partito Repubblicato Italiano - Alleanza Liberalpopolare - Autonomie Senato": 8,
    "Percentuale voti Partito Repubblicato Italiano - Alleanza Liberalpopolare - Autonomie Senato": 0.09,
    "Potere al Popolo Senato": 270,
    "Percentuale voti Potere al Popolo Senato": 3.01,
    "Civica Popolare Senato": 48,
    "Percentuale voti Civica Popolare Senato": 0.54,
    "Italia Europa Insieme Senato": 117,
    "Percentuale voti Italia Europa Insieme Senato": 1.31,
    "Piu Europa Senato": 494,
    "Percentuale voti Piu Europa Senato": 5.51,
    "Partito Democratico Senato": 2345,
    "Percentuale voti Partito Democratico Senato": 26.16,
    "Per una Sinistra Rivoluzionaria Senato": 23,
    "Percentuale voti Per una Sinistra Rivoluzionaria Senato": 0.26,
    "Partito Comunista Senato": 44,
    "Percentuale voti Partito Comunista Senato": 0.49,
    "CasaPound Senato": 59,
    "Percentuale voti CasaPound Senato": 0.66,
    "Liberi e Uguali Senato": 961,
    "Percentuale voti Liberi e Uguali Senato": 10.72,
    "Italia agli Italiani Senato": 33,
    "Percentuale voti Italia agli Italiani Senato": 0.37,
    "Movimento 5 Stelle Senato": 2158,
    "Percentuale voti Movimento 5 Stelle Senato": 24.08,
    "Forza Italia Senato": 783,
    "Percentuale voti Forza Italia Senato": 8.74,
    "Unione di Centro Senato": 37,
    "Percentuale voti Unione di Centro Senato": 0.41,
    "Lega Nord Senato": 1227,
    "Percentuale voti Lega Nord Senato": 13.69,
    "Fratelli d Italia Senato": 308,
    "Percentuale voti Fratelli d Italia Senato": 3.44,
    "Totale Voti Validi Senato": 8963,
    "Residenti": 18214
  },
  {
    "Zona": "Costa Saragozza",
    "Reddito medio pro-capite 2009": 29315,
    "Reddito medio pro-capite 2010": 29188,
    "Reddito medio pro-capite 2011": 28986,
    "Reddito medio pro-capite 2012": 29070,
    "Reddito medio pro-capite 2013": 29185,
    "Reddito medio pro-capite 2014": 29408,
    "Reddito medio pro-capite 2015": 29838,
    "Reddito medio pro-capite 2016": 30166,
    "Movimento 5 Stelle Camera": 2299,
    "Percentuale voti Movimento 5 Stelle Camera": 16.9,
    "Il Popolo della Famiglia Camera": 57,
    "Percentuale voti Il Popolo della Famiglia Camera": 0.42,
    "Per una Sinistra Rivoluzionaria Camera": 30,
    "Percentuale voti Per una Sinistra Rivoluzionaria Camera": 0.22,
    "Partito Comunista Camera": 61,
    "Percentuale voti Partito Comunista Camera": 0.45,
    "Civica Popolare Camera": 106,
    "Percentuale voti Civica Popolare Camera": 0.78,
    "Partito Democratico Camera": 3761,
    "Percentuale voti Partito Democratico Camera": 27.64,
    "Italia Europa Insieme Camera": 213,
    "Percentuale voti Italia Europa Insieme Camera": 1.57,
    "Piu Europa Camera": 1233,
    "Percentuale voti Piu Europa Camera": 9.06,
    "Unione di Centro Camera": 83,
    "Percentuale voti Unione di Centro Camera": 0.61,
    "Forza Italia Camera": 1529,
    "Percentuale voti Forza Italia Camera": 11.24,
    "Lega Nord Camera": 1909,
    "Percentuale voti Lega Nord Camera": 14.03,
    "Fratelli d Italia Camera": 602,
    "Percentuale voti Fratelli d Italia Camera": 4.42,
    "Italia agli Italiani Camera": 38,
    "Percentuale voti Italia agli Italiani Camera": 0.28,
    "Partito Repubblicano Italiano - Alleanza Liberalpopolare - Autonomie Camera": 30,
    "Percentuale voti Partito Repubblicano Italiano - Alleanza Liberalpopolare - Autonomie Camera": 0.22,
    "Potere al Popolo Camera": 462,
    "Percentuale voti Potere al Popolo Camera": 3.4,
    "Liberi e Uguali Camera": 1109,
    "Percentuale voti Liberi e Uguali Camera": 8.15,
    "Casa Pound Camera": 85,
    "Percentuale voti Casa Pound Camera": 0.62,
    "Totale Voti Validi Camera": 13607,
    "Movimento per le Destre unite - Movimento per i Forconi Senato": 16,
    "Percentuale voti Movimento per le Destre unite - Movimento per i Forconi Senato": 0.13,
    "Il Popolo della Famiglia Senato": 61,
    "Percentuale voti Il Popolo della Famiglia Senato": 0.48,
    "Partito Repubblicato Italiano - Alleanza Liberalpopolare - Autonomie Senato": 31,
    "Percentuale voti Partito Repubblicato Italiano - Alleanza Liberalpopolare - Autonomie Senato": 0.24,
    "Potere al Popolo Senato": 434,
    "Percentuale voti Potere al Popolo Senato": 3.42,
    "Civica Popolare Senato": 79,
    "Percentuale voti Civica Popolare Senato": 0.62,
    "Italia Europa Insieme Senato": 159,
    "Percentuale voti Italia Europa Insieme Senato": 1.25,
    "Piu Europa Senato": 995,
    "Percentuale voti Piu Europa Senato": 7.85,
    "Partito Democratico Senato": 3262,
    "Percentuale voti Partito Democratico Senato": 25.73,
    "Per una Sinistra Rivoluzionaria Senato": 30,
    "Percentuale voti Per una Sinistra Rivoluzionaria Senato": 0.24,
    "Partito Comunista Senato": 67,
    "Percentuale voti Partito Comunista Senato": 0.53,
    "CasaPound Senato": 63,
    "Percentuale voti CasaPound Senato": 0.5,
    "Liberi e Uguali Senato": 1287,
    "Percentuale voti Liberi e Uguali Senato": 10.15,
    "Italia agli Italiani Senato": 42,
    "Percentuale voti Italia agli Italiani Senato": 0.33,
    "Movimento 5 Stelle Senato": 2274,
    "Percentuale voti Movimento 5 Stelle Senato": 17.94,
    "Forza Italia Senato": 1453,
    "Percentuale voti Forza Italia Senato": 11.46,
    "Unione di Centro Senato": 76,
    "Percentuale voti Unione di Centro Senato": 0.6,
    "Lega Nord Senato": 1827,
    "Percentuale voti Lega Nord Senato": 14.41,
    "Fratelli d Italia Senato": 521,
    "Percentuale voti Fratelli d Italia Senato": 4.11,
    "Totale Voti Validi Senato": 12677,
    "Residenti": 24631
  },
  {
    "Zona": "Colli",
    "Reddito medio pro-capite 2009": 44966,
    "Reddito medio pro-capite 2010": 44859,
    "Reddito medio pro-capite 2011": 44294,
    "Reddito medio pro-capite 2012": 43195,
    "Reddito medio pro-capite 2013": 44423,
    "Reddito medio pro-capite 2014": 43981,
    "Reddito medio pro-capite 2015": 45601,
    "Reddito medio pro-capite 2016": 47595,
    "Movimento 5 Stelle Camera": 492,
    "Percentuale voti Movimento 5 Stelle Camera": 12.12,
    "Il Popolo della Famiglia Camera": 20,
    "Percentuale voti Il Popolo della Famiglia Camera": 0.49,
    "Per una Sinistra Rivoluzionaria Camera": 3,
    "Percentuale voti Per una Sinistra Rivoluzionaria Camera": 0.07,
    "Partito Comunista Camera": 7,
    "Percentuale voti Partito Comunista Camera": 0.17,
    "Civica Popolare Camera": 51,
    "Percentuale voti Civica Popolare Camera": 1.26,
    "Partito Democratico Camera": 1007,
    "Percentuale voti Partito Democratico Camera": 24.81,
    "Italia Europa Insieme Camera": 82,
    "Percentuale voti Italia Europa Insieme Camera": 2.02,
    "Piu Europa Camera": 393,
    "Percentuale voti Piu Europa Camera": 9.68,
    "Unione di Centro Camera": 45,
    "Percentuale voti Unione di Centro Camera": 1.11,
    "Forza Italia Camera": 761,
    "Percentuale voti Forza Italia Camera": 18.75,
    "Lega Nord Camera": 606,
    "Percentuale voti Lega Nord Camera": 14.93,
    "Fratelli d Italia Camera": 255,
    "Percentuale voti Fratelli d Italia Camera": 6.28,
    "Italia agli Italiani Camera": 8,
    "Percentuale voti Italia agli Italiani Camera": 0.2,
    "Partito Repubblicano Italiano - Alleanza Liberalpopolare - Autonomie Camera": 17,
    "Percentuale voti Partito Repubblicano Italiano - Alleanza Liberalpopolare - Autonomie Camera": 0.42,
    "Potere al Popolo Camera": 74,
    "Percentuale voti Potere al Popolo Camera": 1.82,
    "Liberi e Uguali Camera": 218,
    "Percentuale voti Liberi e Uguali Camera": 5.37,
    "Casa Pound Camera": 20,
    "Percentuale voti Casa Pound Camera": 0.49,
    "Totale Voti Validi Camera": 4059,
    "Movimento per le Destre unite - Movimento per i Forconi Senato": 3,
    "Percentuale voti Movimento per le Destre unite - Movimento per i Forconi Senato": 0.08,
    "Il Popolo della Famiglia Senato": 18,
    "Percentuale voti Il Popolo della Famiglia Senato": 0.49,
    "Partito Repubblicato Italiano - Alleanza Liberalpopolare - Autonomie Senato": 20,
    "Percentuale voti Partito Repubblicato Italiano - Alleanza Liberalpopolare - Autonomie Senato": 0.55,
    "Potere al Popolo Senato": 67,
    "Percentuale voti Potere al Popolo Senato": 1.83,
    "Civica Popolare Senato": 55,
    "Percentuale voti Civica Popolare Senato": 1.5,
    "Italia Europa Insieme Senato": 61,
    "Percentuale voti Italia Europa Insieme Senato": 1.66,
    "Piu Europa Senato": 337,
    "Percentuale voti Piu Europa Senato": 9.19,
    "Partito Democratico Senato": 848,
    "Percentuale voti Partito Democratico Senato": 23.11,
    "Per una Sinistra Rivoluzionaria Senato": 3,
    "Percentuale voti Per una Sinistra Rivoluzionaria Senato": 0.08,
    "Partito Comunista Senato": 5,
    "Percentuale voti Partito Comunista Senato": 0.14,
    "CasaPound Senato": 13,
    "Percentuale voti CasaPound Senato": 0.35,
    "Liberi e Uguali Senato": 252,
    "Percentuale voti Liberi e Uguali Senato": 6.87,
    "Italia agli Italiani Senato": 4,
    "Percentuale voti Italia agli Italiani Senato": 0.11,
    "Movimento 5 Stelle Senato": 442,
    "Percentuale voti Movimento 5 Stelle Senato": 12.05,
    "Forza Italia Senato": 702,
    "Percentuale voti Forza Italia Senato": 19.13,
    "Unione di Centro Senato": 29,
    "Percentuale voti Unione di Centro Senato": 0.79,
    "Lega Nord Senato": 569,
    "Percentuale voti Lega Nord Senato": 15.51,
    "Fratelli d Italia Senato": 241,
    "Percentuale voti Fratelli d Italia Senato": 6.57,
    "Totale Voti Validi Senato": 3669,
    "Residenti": 8820
  },
  {
    "Zona": "San Ruffillo",
    "Reddito medio pro-capite 2009": 24664,
    "Reddito medio pro-capite 2010": 24878,
    "Reddito medio pro-capite 2011": 24897,
    "Reddito medio pro-capite 2012": 24912,
    "Reddito medio pro-capite 2013": 25082,
    "Reddito medio pro-capite 2014": 25233,
    "Reddito medio pro-capite 2015": 25380,
    "Reddito medio pro-capite 2016": 25544,
    "Movimento 5 Stelle Camera": 2599,
    "Percentuale voti Movimento 5 Stelle Camera": 22.28,
    "Il Popolo della Famiglia Camera": 65,
    "Percentuale voti Il Popolo della Famiglia Camera": 0.56,
    "Per una Sinistra Rivoluzionaria Camera": 18,
    "Percentuale voti Per una Sinistra Rivoluzionaria Camera": 0.15,
    "Partito Comunista Camera": 67,
    "Percentuale voti Partito Comunista Camera": 0.57,
    "Civica Popolare Camera": 114,
    "Percentuale voti Civica Popolare Camera": 0.98,
    "Partito Democratico Camera": 3394,
    "Percentuale voti Partito Democratico Camera": 29.09,
    "Italia Europa Insieme Camera": 159,
    "Percentuale voti Italia Europa Insieme Camera": 1.36,
    "Piu Europa Camera": 707,
    "Percentuale voti Piu Europa Camera": 6.06,
    "Unione di Centro Camera": 49,
    "Percentuale voti Unione di Centro Camera": 0.42,
    "Forza Italia Camera": 1169,
    "Percentuale voti Forza Italia Camera": 10.02,
    "Lega Nord Camera": 1681,
    "Percentuale voti Lega Nord Camera": 14.41,
    "Fratelli d Italia Camera": 452,
    "Percentuale voti Fratelli d Italia Camera": 3.87,
    "Italia agli Italiani Camera": 34,
    "Percentuale voti Italia agli Italiani Camera": 0.29,
    "Partito Repubblicano Italiano - Alleanza Liberalpopolare - Autonomie Camera": 18,
    "Percentuale voti Partito Repubblicano Italiano - Alleanza Liberalpopolare - Autonomie Camera": 0.15,
    "Potere al Popolo Camera": 204,
    "Percentuale voti Potere al Popolo Camera": 1.75,
    "Liberi e Uguali Camera": 866,
    "Percentuale voti Liberi e Uguali Camera": 7.42,
    "Casa Pound Camera": 71,
    "Percentuale voti Casa Pound Camera": 0.61,
    "Totale Voti Validi Camera": 11667,
    "Movimento per le Destre unite - Movimento per i Forconi Senato": 12,
    "Percentuale voti Movimento per le Destre unite - Movimento per i Forconi Senato": 0.11,
    "Il Popolo della Famiglia Senato": 60,
    "Percentuale voti Il Popolo della Famiglia Senato": 0.55,
    "Partito Repubblicato Italiano - Alleanza Liberalpopolare - Autonomie Senato": 20,
    "Percentuale voti Partito Repubblicato Italiano - Alleanza Liberalpopolare - Autonomie Senato": 0.18,
    "Potere al Popolo Senato": 191,
    "Percentuale voti Potere al Popolo Senato": 1.76,
    "Civica Popolare Senato": 91,
    "Percentuale voti Civica Popolare Senato": 0.84,
    "Italia Europa Insieme Senato": 133,
    "Percentuale voti Italia Europa Insieme Senato": 1.22,
    "Piu Europa Senato": 573,
    "Percentuale voti Piu Europa Senato": 5.28,
    "Partito Democratico Senato": 3045,
    "Percentuale voti Partito Democratico Senato": 28.04,
    "Per una Sinistra Rivoluzionaria Senato": 23,
    "Percentuale voti Per una Sinistra Rivoluzionaria Senato": 0.21,
    "Partito Comunista Senato": 71,
    "Percentuale voti Partito Comunista Senato": 0.65,
    "CasaPound Senato": 46,
    "Percentuale voti CasaPound Senato": 0.42,
    "Liberi e Uguali Senato": 946,
    "Percentuale voti Liberi e Uguali Senato": 8.71,
    "Italia agli Italiani Senato": 34,
    "Percentuale voti Italia agli Italiani Senato": 0.31,
    "Movimento 5 Stelle Senato": 2462,
    "Percentuale voti Movimento 5 Stelle Senato": 22.67,
    "Forza Italia Senato": 1102,
    "Percentuale voti Forza Italia Senato": 10.15,
    "Unione di Centro Senato": 41,
    "Percentuale voti Unione di Centro Senato": 0.38,
    "Lega Nord Senato": 1604,
    "Percentuale voti Lega Nord Senato": 14.77,
    "Fratelli d Italia Senato": 405,
    "Percentuale voti Fratelli d Italia Senato": 3.73,
    "Totale Voti Validi Senato": 10859,
    "Residenti": 21411
  },
  {
    "Zona": "Mazzini",
    "Reddito medio pro-capite 2009": 22570,
    "Reddito medio pro-capite 2010": 22650,
    "Reddito medio pro-capite 2011": 22661,
    "Reddito medio pro-capite 2012": 22736,
    "Reddito medio pro-capite 2013": 22966,
    "Reddito medio pro-capite 2014": 23135,
    "Reddito medio pro-capite 2015": 23422,
    "Reddito medio pro-capite 2016": 23638,
    "Movimento 5 Stelle Camera": 4775,
    "Percentuale voti Movimento 5 Stelle Camera": 23.05,
    "Il Popolo della Famiglia Camera": 107,
    "Percentuale voti Il Popolo della Famiglia Camera": 0.52,
    "Per una Sinistra Rivoluzionaria Camera": 46,
    "Percentuale voti Per una Sinistra Rivoluzionaria Camera": 0.22,
    "Partito Comunista Camera": 164,
    "Percentuale voti Partito Comunista Camera": 0.79,
    "Civica Popolare Camera": 181,
    "Percentuale voti Civica Popolare Camera": 0.87,
    "Partito Democratico Camera": 6804,
    "Percentuale voti Partito Democratico Camera": 32.84,
    "Italia Europa Insieme Camera": 262,
    "Percentuale voti Italia Europa Insieme Camera": 1.26,
    "Piu Europa Camera": 941,
    "Percentuale voti Piu Europa Camera": 4.54,
    "Unione di Centro Camera": 80,
    "Percentuale voti Unione di Centro Camera": 0.39,
    "Forza Italia Camera": 1732,
    "Percentuale voti Forza Italia Camera": 8.36,
    "Lega Nord Camera": 2718,
    "Percentuale voti Lega Nord Camera": 13.12,
    "Fratelli d Italia Camera": 701,
    "Percentuale voti Fratelli d Italia Camera": 3.38,
    "Italia agli Italiani Camera": 63,
    "Percentuale voti Italia agli Italiani Camera": 0.3,
    "Partito Repubblicano Italiano - Alleanza Liberalpopolare - Autonomie Camera": 39,
    "Percentuale voti Partito Repubblicano Italiano - Alleanza Liberalpopolare - Autonomie Camera": 0.19,
    "Potere al Popolo Camera": 373,
    "Percentuale voti Potere al Popolo Camera": 1.8,
    "Liberi e Uguali Camera": 1650,
    "Percentuale voti Liberi e Uguali Camera": 7.96,
    "Casa Pound Camera": 80,
    "Percentuale voti Casa Pound Camera": 0.39,
    "Totale Voti Validi Camera": 20716,
    "Movimento per le Destre unite - Movimento per i Forconi Senato": 25,
    "Percentuale voti Movimento per le Destre unite - Movimento per i Forconi Senato": 0.13,
    "Il Popolo della Famiglia Senato": 113,
    "Percentuale voti Il Popolo della Famiglia Senato": 0.58,
    "Partito Repubblicato Italiano - Alleanza Liberalpopolare - Autonomie Senato": 40,
    "Percentuale voti Partito Repubblicato Italiano - Alleanza Liberalpopolare - Autonomie Senato": 0.21,
    "Potere al Popolo Senato": 346,
    "Percentuale voti Potere al Popolo Senato": 1.78,
    "Civica Popolare Senato": 140,
    "Percentuale voti Civica Popolare Senato": 0.72,
    "Italia Europa Insieme Senato": 237,
    "Percentuale voti Italia Europa Insieme Senato": 1.22,
    "Piu Europa Senato": 773,
    "Percentuale voti Piu Europa Senato": 3.97,
    "Partito Democratico Senato": 6261,
    "Percentuale voti Partito Democratico Senato": 32.18,
    "Per una Sinistra Rivoluzionaria Senato": 48,
    "Percentuale voti Per una Sinistra Rivoluzionaria Senato": 0.25,
    "Partito Comunista Senato": 176,
    "Percentuale voti Partito Comunista Senato": 0.9,
    "CasaPound Senato": 74,
    "Percentuale voti CasaPound Senato": 0.38,
    "Liberi e Uguali Senato": 1769,
    "Percentuale voti Liberi e Uguali Senato": 9.09,
    "Italia agli Italiani Senato": 64,
    "Percentuale voti Italia agli Italiani Senato": 0.33,
    "Movimento 5 Stelle Senato": 4467,
    "Percentuale voti Movimento 5 Stelle Senato": 22.96,
    "Forza Italia Senato": 1604,
    "Percentuale voti Forza Italia Senato": 8.24,
    "Unione di Centro Senato": 66,
    "Percentuale voti Unione di Centro Senato": 0.34,
    "Lega Nord Senato": 2634,
    "Percentuale voti Lega Nord Senato": 13.54,
    "Fratelli d Italia Senato": 621,
    "Percentuale voti Fratelli d Italia Senato": 3.19,
    "Totale Voti Validi Senato": 19458,
    "Residenti": 38358
  },
  {
    "Zona": "Murri",
    "Reddito medio pro-capite 2009": 31302,
    "Reddito medio pro-capite 2010": 31951,
    "Reddito medio pro-capite 2011": 31360,
    "Reddito medio pro-capite 2012": 30739,
    "Reddito medio pro-capite 2013": 31497,
    "Reddito medio pro-capite 2014": 31525,
    "Reddito medio pro-capite 2015": 31770,
    "Reddito medio pro-capite 2016": 32324,
    "Movimento 5 Stelle Camera": 2704,
    "Percentuale voti Movimento 5 Stelle Camera": 17.17,
    "Il Popolo della Famiglia Camera": 90,
    "Percentuale voti Il Popolo della Famiglia Camera": 0.57,
    "Per una Sinistra Rivoluzionaria Camera": 28,
    "Percentuale voti Per una Sinistra Rivoluzionaria Camera": 0.18,
    "Partito Comunista Camera": 66,
    "Percentuale voti Partito Comunista Camera": 0.42,
    "Civica Popolare Camera": 151,
    "Percentuale voti Civica Popolare Camera": 0.96,
    "Partito Democratico Camera": 4465,
    "Percentuale voti Partito Democratico Camera": 28.35,
    "Italia Europa Insieme Camera": 288,
    "Percentuale voti Italia Europa Insieme Camera": 1.83,
    "Piu Europa Camera": 1326,
    "Percentuale voti Piu Europa Camera": 8.42,
    "Unione di Centro Camera": 97,
    "Percentuale voti Unione di Centro Camera": 0.62,
    "Forza Italia Camera": 1910,
    "Percentuale voti Forza Italia Camera": 12.13,
    "Lega Nord Camera": 2202,
    "Percentuale voti Lega Nord Camera": 13.98,
    "Fratelli d Italia Camera": 739,
    "Percentuale voti Fratelli d Italia Camera": 4.69,
    "Italia agli Italiani Camera": 49,
    "Percentuale voti Italia agli Italiani Camera": 0.31,
    "Partito Repubblicano Italiano - Alleanza Liberalpopolare - Autonomie Camera": 29,
    "Percentuale voti Partito Repubblicano Italiano - Alleanza Liberalpopolare - Autonomie Camera": 0.18,
    "Potere al Popolo Camera": 317,
    "Percentuale voti Potere al Popolo Camera": 2.01,
    "Liberi e Uguali Camera": 1202,
    "Percentuale voti Liberi e Uguali Camera": 7.63,
    "Casa Pound Camera": 89,
    "Percentuale voti Casa Pound Camera": 0.57,
    "Totale Voti Validi Camera": 15752,
    "Movimento per le Destre unite - Movimento per i Forconi Senato": 11,
    "Percentuale voti Movimento per le Destre unite - Movimento per i Forconi Senato": 0.08,
    "Il Popolo della Famiglia Senato": 95,
    "Percentuale voti Il Popolo della Famiglia Senato": 0.66,
    "Partito Repubblicato Italiano - Alleanza Liberalpopolare - Autonomie Senato": 35,
    "Percentuale voti Partito Repubblicato Italiano - Alleanza Liberalpopolare - Autonomie Senato": 0.24,
    "Potere al Popolo Senato": 292,
    "Percentuale voti Potere al Popolo Senato": 2.01,
    "Civica Popolare Senato": 135,
    "Percentuale voti Civica Popolare Senato": 0.93,
    "Italia Europa Insieme Senato": 234,
    "Percentuale voti Italia Europa Insieme Senato": 1.61,
    "Piu Europa Senato": 1075,
    "Percentuale voti Piu Europa Senato": 7.42,
    "Partito Democratico Senato": 3884,
    "Percentuale voti Partito Democratico Senato": 26.8,
    "Per una Sinistra Rivoluzionaria Senato": 33,
    "Percentuale voti Per una Sinistra Rivoluzionaria Senato": 0.23,
    "Partito Comunista Senato": 71,
    "Percentuale voti Partito Comunista Senato": 0.49,
    "CasaPound Senato": 62,
    "Percentuale voti CasaPound Senato": 0.43,
    "Liberi e Uguali Senato": 1350,
    "Percentuale voti Liberi e Uguali Senato": 9.31,
    "Italia agli Italiani Senato": 37,
    "Percentuale voti Italia agli Italiani Senato": 0.26,
    "Movimento 5 Stelle Senato": 2534,
    "Percentuale voti Movimento 5 Stelle Senato": 17.48,
    "Forza Italia Senato": 1800,
    "Percentuale voti Forza Italia Senato": 12.42,
    "Unione di Centro Senato": 78,
    "Percentuale voti Unione di Centro Senato": 0.54,
    "Lega Nord Senato": 2092,
    "Percentuale voti Lega Nord Senato": 14.43,
    "Fratelli d Italia Senato": 675,
    "Percentuale voti Fratelli d Italia Senato": 4.66,
    "Totale Voti Validi Senato": 14493,
    "Residenti": 28714
  },
  {
    "Zona": "San Vitale",
    "Reddito medio pro-capite 2009": 23388,
    "Reddito medio pro-capite 2010": 23657,
    "Reddito medio pro-capite 2011": 23658,
    "Reddito medio pro-capite 2012": 23747,
    "Reddito medio pro-capite 2013": 24009,
    "Reddito medio pro-capite 2014": 24099,
    "Reddito medio pro-capite 2015": 24245,
    "Reddito medio pro-capite 2016": 24332,
    "Movimento 5 Stelle Camera": 4141,
    "Percentuale voti Movimento 5 Stelle Camera": 22.92,
    "Il Popolo della Famiglia Camera": 86,
    "Percentuale voti Il Popolo della Famiglia Camera": 0.48,
    "Per una Sinistra Rivoluzionaria Camera": 52,
    "Percentuale voti Per una Sinistra Rivoluzionaria Camera": 0.29,
    "Partito Comunista Camera": 121,
    "Percentuale voti Partito Comunista Camera": 0.67,
    "Civica Popolare Camera": 179,
    "Percentuale voti Civica Popolare Camera": 0.99,
    "Partito Democratico Camera": 5110,
    "Percentuale voti Partito Democratico Camera": 28.28,
    "Italia Europa Insieme Camera": 400,
    "Percentuale voti Italia Europa Insieme Camera": 2.21,
    "Piu Europa Camera": 1103,
    "Percentuale voti Piu Europa Camera": 6.1,
    "Unione di Centro Camera": 120,
    "Percentuale voti Unione di Centro Camera": 0.66,
    "Forza Italia Camera": 1636,
    "Percentuale voti Forza Italia Camera": 9.05,
    "Lega Nord Camera": 2394,
    "Percentuale voti Lega Nord Camera": 13.25,
    "Fratelli d Italia Camera": 611,
    "Percentuale voti Fratelli d Italia Camera": 3.38,
    "Italia agli Italiani Camera": 59,
    "Percentuale voti Italia agli Italiani Camera": 0.33,
    "Partito Repubblicano Italiano - Alleanza Liberalpopolare - Autonomie Camera": 29,
    "Percentuale voti Partito Repubblicano Italiano - Alleanza Liberalpopolare - Autonomie Camera": 0.16,
    "Potere al Popolo Camera": 509,
    "Percentuale voti Potere al Popolo Camera": 2.82,
    "Liberi e Uguali Camera": 1429,
    "Percentuale voti Liberi e Uguali Camera": 7.91,
    "Casa Pound Camera": 89,
    "Percentuale voti Casa Pound Camera": 0.49,
    "Totale Voti Validi Camera": 18068,
    "Movimento per le Destre unite - Movimento per i Forconi Senato": 11,
    "Percentuale voti Movimento per le Destre unite - Movimento per i Forconi Senato": 0.07,
    "Il Popolo della Famiglia Senato": 78,
    "Percentuale voti Il Popolo della Famiglia Senato": 0.47,
    "Partito Repubblicato Italiano - Alleanza Liberalpopolare - Autonomie Senato": 31,
    "Percentuale voti Partito Repubblicato Italiano - Alleanza Liberalpopolare - Autonomie Senato": 0.18,
    "Potere al Popolo Senato": 458,
    "Percentuale voti Potere al Popolo Senato": 2.73,
    "Civica Popolare Senato": 117,
    "Percentuale voti Civica Popolare Senato": 0.7,
    "Italia Europa Insieme Senato": 222,
    "Percentuale voti Italia Europa Insieme Senato": 1.32,
    "Piu Europa Senato": 892,
    "Percentuale voti Piu Europa Senato": 5.32,
    "Partito Democratico Senato": 4651,
    "Percentuale voti Partito Democratico Senato": 27.74,
    "Per una Sinistra Rivoluzionaria Senato": 55,
    "Percentuale voti Per una Sinistra Rivoluzionaria Senato": 0.33,
    "Partito Comunista Senato": 116,
    "Percentuale voti Partito Comunista Senato": 0.69,
    "CasaPound Senato": 69,
    "Percentuale voti CasaPound Senato": 0.41,
    "Liberi e Uguali Senato": 1588,
    "Percentuale voti Liberi e Uguali Senato": 9.47,
    "Italia agli Italiani Senato": 51,
    "Percentuale voti Italia agli Italiani Senato": 0.3,
    "Movimento 5 Stelle Senato": 3917,
    "Percentuale voti Movimento 5 Stelle Senato": 23.36,
    "Forza Italia Senato": 1534,
    "Percentuale voti Forza Italia Senato": 9.15,
    "Unione di Centro Senato": 96,
    "Percentuale voti Unione di Centro Senato": 0.57,
    "Lega Nord Senato": 2312,
    "Percentuale voti Lega Nord Senato": 13.79,
    "Fratelli d Italia Senato": 571,
    "Percentuale voti Fratelli d Italia Senato": 3.41,
    "Totale Voti Validi Senato": 16769,
    "Residenti": 34369
  },
  {
    "Zona": "Marconi",
    "Reddito medio pro-capite 2009": 31455,
    "Reddito medio pro-capite 2010": 31542,
    "Reddito medio pro-capite 2011": 30843,
    "Reddito medio pro-capite 2012": 30844,
    "Reddito medio pro-capite 2013": 31002,
    "Reddito medio pro-capite 2014": 31148,
    "Reddito medio pro-capite 2015": 31567,
    "Reddito medio pro-capite 2016": 31323,
    "Movimento 5 Stelle Camera": 1469,
    "Percentuale voti Movimento 5 Stelle Camera": 17.63,
    "Il Popolo della Famiglia Camera": 32,
    "Percentuale voti Il Popolo della Famiglia Camera": 0.38,
    "Per una Sinistra Rivoluzionaria Camera": 11,
    "Percentuale voti Per una Sinistra Rivoluzionaria Camera": 0.13,
    "Partito Comunista Camera": 34,
    "Percentuale voti Partito Comunista Camera": 0.41,
    "Civica Popolare Camera": 65,
    "Percentuale voti Civica Popolare Camera": 0.78,
    "Partito Democratico Camera": 2096,
    "Percentuale voti Partito Democratico Camera": 25.16,
    "Italia Europa Insieme Camera": 132,
    "Percentuale voti Italia Europa Insieme Camera": 1.58,
    "Piu Europa Camera": 719,
    "Percentuale voti Piu Europa Camera": 8.63,
    "Unione di Centro Camera": 52,
    "Percentuale voti Unione di Centro Camera": 0.62,
    "Forza Italia Camera": 1108,
    "Percentuale voti Forza Italia Camera": 13.3,
    "Lega Nord Camera": 1092,
    "Percentuale voti Lega Nord Camera": 13.11,
    "Fratelli d Italia Camera": 435,
    "Percentuale voti Fratelli d Italia Camera": 5.22,
    "Italia agli Italiani Camera": 24,
    "Percentuale voti Italia agli Italiani Camera": 0.29,
    "Partito Repubblicano Italiano - Alleanza Liberalpopolare - Autonomie Camera": 19,
    "Percentuale voti Partito Repubblicano Italiano - Alleanza Liberalpopolare - Autonomie Camera": 0.23,
    "Potere al Popolo Camera": 277,
    "Percentuale voti Potere al Popolo Camera": 3.32,
    "Liberi e Uguali Camera": 702,
    "Percentuale voti Liberi e Uguali Camera": 8.43,
    "Casa Pound Camera": 64,
    "Percentuale voti Casa Pound Camera": 0.77,
    "Totale Voti Validi Camera": 8331,
    "Movimento per le Destre unite - Movimento per i Forconi Senato": 9,
    "Percentuale voti Movimento per le Destre unite - Movimento per i Forconi Senato": 0.12,
    "Il Popolo della Famiglia Senato": 31,
    "Percentuale voti Il Popolo della Famiglia Senato": 0.4,
    "Partito Repubblicato Italiano - Alleanza Liberalpopolare - Autonomie Senato": 18,
    "Percentuale voti Partito Repubblicato Italiano - Alleanza Liberalpopolare - Autonomie Senato": 0.23,
    "Potere al Popolo Senato": 262,
    "Percentuale voti Potere al Popolo Senato": 3.38,
    "Civica Popolare Senato": 60,
    "Percentuale voti Civica Popolare Senato": 0.77,
    "Italia Europa Insieme Senato": 106,
    "Percentuale voti Italia Europa Insieme Senato": 1.37,
    "Piu Europa Senato": 594,
    "Percentuale voti Piu Europa Senato": 7.67,
    "Partito Democratico Senato": 1848,
    "Percentuale voti Partito Democratico Senato": 23.85,
    "Per una Sinistra Rivoluzionaria Senato": 17,
    "Percentuale voti Per una Sinistra Rivoluzionaria Senato": 0.22,
    "Partito Comunista Senato": 31,
    "Percentuale voti Partito Comunista Senato": 0.4,
    "CasaPound Senato": 48,
    "Percentuale voti CasaPound Senato": 0.62,
    "Liberi e Uguali Senato": 807,
    "Percentuale voti Liberi e Uguali Senato": 10.41,
    "Italia agli Italiani Senato": 25,
    "Percentuale voti Italia agli Italiani Senato": 0.32,
    "Movimento 5 Stelle Senato": 1371,
    "Percentuale voti Movimento 5 Stelle Senato": 17.69,
    "Forza Italia Senato": 1052,
    "Percentuale voti Forza Italia Senato": 13.58,
    "Unione di Centro Senato": 33,
    "Percentuale voti Unione di Centro Senato": 0.43,
    "Lega Nord Senato": 1057,
    "Percentuale voti Lega Nord Senato": 13.64,
    "Fratelli d Italia Senato": 380,
    "Percentuale voti Fratelli d Italia Senato": 4.9,
    "Totale Voti Validi Senato": 7749,
    "Residenti": 14612
  },
  {
    "Zona": "Irnerio",
    "Reddito medio pro-capite 2009": 30865,
    "Reddito medio pro-capite 2010": 31112,
    "Reddito medio pro-capite 2011": 30770,
    "Reddito medio pro-capite 2012": 30781,
    "Reddito medio pro-capite 2013": 31518,
    "Reddito medio pro-capite 2014": 31204,
    "Reddito medio pro-capite 2015": 31417,
    "Reddito medio pro-capite 2016": 31721,
    "Movimento 5 Stelle Camera": 1233,
    "Percentuale voti Movimento 5 Stelle Camera": 16.95,
    "Il Popolo della Famiglia Camera": 25,
    "Percentuale voti Il Popolo della Famiglia Camera": 0.34,
    "Per una Sinistra Rivoluzionaria Camera": 22,
    "Percentuale voti Per una Sinistra Rivoluzionaria Camera": 0.3,
    "Partito Comunista Camera": 26,
    "Percentuale voti Partito Comunista Camera": 0.36,
    "Civica Popolare Camera": 56,
    "Percentuale voti Civica Popolare Camera": 0.77,
    "Partito Democratico Camera": 1811,
    "Percentuale voti Partito Democratico Camera": 24.89,
    "Italia Europa Insieme Camera": 130,
    "Percentuale voti Italia Europa Insieme Camera": 1.79,
    "Piu Europa Camera": 761,
    "Percentuale voti Piu Europa Camera": 10.46,
    "Unione di Centro Camera": 40,
    "Percentuale voti Unione di Centro Camera": 0.55,
    "Forza Italia Camera": 848,
    "Percentuale voti Forza Italia Camera": 11.66,
    "Lega Nord Camera": 842,
    "Percentuale voti Lega Nord Camera": 11.57,
    "Fratelli d Italia Camera": 304,
    "Percentuale voti Fratelli d Italia Camera": 4.18,
    "Italia agli Italiani Camera": 20,
    "Percentuale voti Italia agli Italiani Camera": 0.27,
    "Partito Repubblicano Italiano - Alleanza Liberalpopolare - Autonomie Camera": 20,
    "Percentuale voti Partito Repubblicano Italiano - Alleanza Liberalpopolare - Autonomie Camera": 0.27,
    "Potere al Popolo Camera": 325,
    "Percentuale voti Potere al Popolo Camera": 4.47,
    "Liberi e Uguali Camera": 777,
    "Percentuale voti Liberi e Uguali Camera": 10.68,
    "Casa Pound Camera": 35,
    "Percentuale voti Casa Pound Camera": 0.48,
    "Totale Voti Validi Camera": 7275,
    "Movimento per le Destre unite - Movimento per i Forconi Senato": 3,
    "Percentuale voti Movimento per le Destre unite - Movimento per i Forconi Senato": 0.04,
    "Il Popolo della Famiglia Senato": 24,
    "Percentuale voti Il Popolo della Famiglia Senato": 0.36,
    "Partito Repubblicato Italiano - Alleanza Liberalpopolare - Autonomie Senato": 12,
    "Percentuale voti Partito Repubblicato Italiano - Alleanza Liberalpopolare - Autonomie Senato": 0.18,
    "Potere al Popolo Senato": 318,
    "Percentuale voti Potere al Popolo Senato": 4.72,
    "Civica Popolare Senato": 58,
    "Percentuale voti Civica Popolare Senato": 0.86,
    "Italia Europa Insieme Senato": 110,
    "Percentuale voti Italia Europa Insieme Senato": 1.63,
    "Piu Europa Senato": 618,
    "Percentuale voti Piu Europa Senato": 9.18,
    "Partito Democratico Senato": 1535,
    "Percentuale voti Partito Democratico Senato": 22.79,
    "Per una Sinistra Rivoluzionaria Senato": 24,
    "Percentuale voti Per una Sinistra Rivoluzionaria Senato": 0.36,
    "Partito Comunista Senato": 28,
    "Percentuale voti Partito Comunista Senato": 0.42,
    "CasaPound Senato": 32,
    "Percentuale voti CasaPound Senato": 0.48,
    "Liberi e Uguali Senato": 889,
    "Percentuale voti Liberi e Uguali Senato": 13.2,
    "Italia agli Italiani Senato": 21,
    "Percentuale voti Italia agli Italiani Senato": 0.31,
    "Movimento 5 Stelle Senato": 1162,
    "Percentuale voti Movimento 5 Stelle Senato": 17.26,
    "Forza Italia Senato": 780,
    "Percentuale voti Forza Italia Senato": 11.58,
    "Unione di Centro Senato": 34,
    "Percentuale voti Unione di Centro Senato": 0.5,
    "Lega Nord Senato": 815,
    "Percentuale voti Lega Nord Senato": 12.1,
    "Fratelli d Italia Senato": 271,
    "Percentuale voti Fratelli d Italia Senato": 4.02,
    "Totale Voti Validi Senato": 6734,
    "Residenti": 13613
  },
  {
    "Zona": "Galvani",
    "Reddito medio pro-capite 2009": 39400,
    "Reddito medio pro-capite 2010": 38124,
    "Reddito medio pro-capite 2011": 37897,
    "Reddito medio pro-capite 2012": 36842,
    "Reddito medio pro-capite 2013": 37735,
    "Reddito medio pro-capite 2014": 37889,
    "Reddito medio pro-capite 2015": 38877,
    "Reddito medio pro-capite 2016": 42168,
    "Movimento 5 Stelle Camera": 1014,
    "Percentuale voti Movimento 5 Stelle Camera": 13.31,
    "Il Popolo della Famiglia Camera": 44,
    "Percentuale voti Il Popolo della Famiglia Camera": 0.58,
    "Per una Sinistra Rivoluzionaria Camera": 9,
    "Percentuale voti Per una Sinistra Rivoluzionaria Camera": 0.12,
    "Partito Comunista Camera": 24,
    "Percentuale voti Partito Comunista Camera": 0.31,
    "Civica Popolare Camera": 65,
    "Percentuale voti Civica Popolare Camera": 0.85,
    "Partito Democratico Camera": 1873,
    "Percentuale voti Partito Democratico Camera": 24.58,
    "Italia Europa Insieme Camera": 159,
    "Percentuale voti Italia Europa Insieme Camera": 2.09,
    "Piu Europa Camera": 893,
    "Percentuale voti Piu Europa Camera": 11.72,
    "Unione di Centro Camera": 62,
    "Percentuale voti Unione di Centro Camera": 0.81,
    "Forza Italia Camera": 1217,
    "Percentuale voti Forza Italia Camera": 15.97,
    "Lega Nord Camera": 1003,
    "Percentuale voti Lega Nord Camera": 13.16,
    "Fratelli d Italia Camera": 377,
    "Percentuale voti Fratelli d Italia Camera": 4.95,
    "Italia agli Italiani Camera": 18,
    "Percentuale voti Italia agli Italiani Camera": 0.24,
    "Partito Repubblicano Italiano - Alleanza Liberalpopolare - Autonomie Camera": 16,
    "Percentuale voti Partito Repubblicano Italiano - Alleanza Liberalpopolare - Autonomie Camera": 0.21,
    "Potere al Popolo Camera": 218,
    "Percentuale voti Potere al Popolo Camera": 2.86,
    "Liberi e Uguali Camera": 563,
    "Percentuale voti Liberi e Uguali Camera": 7.39,
    "Casa Pound Camera": 65,
    "Percentuale voti Casa Pound Camera": 0.85,
    "Totale Voti Validi Camera": 7620,
    "Movimento per le Destre unite - Movimento per i Forconi Senato": 10,
    "Percentuale voti Movimento per le Destre unite - Movimento per i Forconi Senato": 0.14,
    "Il Popolo della Famiglia Senato": 39,
    "Percentuale voti Il Popolo della Famiglia Senato": 0.55,
    "Partito Repubblicato Italiano - Alleanza Liberalpopolare - Autonomie Senato": 13,
    "Percentuale voti Partito Repubblicato Italiano - Alleanza Liberalpopolare - Autonomie Senato": 0.18,
    "Potere al Popolo Senato": 202,
    "Percentuale voti Potere al Popolo Senato": 2.86,
    "Civica Popolare Senato": 45,
    "Percentuale voti Civica Popolare Senato": 0.64,
    "Italia Europa Insieme Senato": 135,
    "Percentuale voti Italia Europa Insieme Senato": 1.91,
    "Piu Europa Senato": 758,
    "Percentuale voti Piu Europa Senato": 10.73,
    "Partito Democratico Senato": 1617,
    "Percentuale voti Partito Democratico Senato": 22.89,
    "Per una Sinistra Rivoluzionaria Senato": 9,
    "Percentuale voti Per una Sinistra Rivoluzionaria Senato": 0.13,
    "Partito Comunista Senato": 23,
    "Percentuale voti Partito Comunista Senato": 0.33,
    "CasaPound Senato": 49,
    "Percentuale voti CasaPound Senato": 0.69,
    "Liberi e Uguali Senato": 687,
    "Percentuale voti Liberi e Uguali Senato": 9.73,
    "Italia agli Italiani Senato": 20,
    "Percentuale voti Italia agli Italiani Senato": 0.28,
    "Movimento 5 Stelle Senato": 981,
    "Percentuale voti Movimento 5 Stelle Senato": 13.89,
    "Forza Italia Senato": 1115,
    "Percentuale voti Forza Italia Senato": 15.79,
    "Unione di Centro Senato": 55,
    "Percentuale voti Unione di Centro Senato": 0.78,
    "Lega Nord Senato": 973,
    "Percentuale voti Lega Nord Senato": 13.78,
    "Fratelli d Italia Senato": 332,
    "Percentuale voti Fratelli d Italia Senato": 4.7,
    "Totale Voti Validi Senato": 7063,
    "Residenti": 12939
  },
  {
    "Zona": "Malpighi",
    "Reddito medio pro-capite 2009": 31324,
    "Reddito medio pro-capite 2010": 31303,
    "Reddito medio pro-capite 2011": 31397,
    "Reddito medio pro-capite 2012": 31098,
    "Reddito medio pro-capite 2013": 31363,
    "Reddito medio pro-capite 2014": 31372,
    "Reddito medio pro-capite 2015": 32420,
    "Reddito medio pro-capite 2016": 32806,
    "Movimento 5 Stelle Camera": 1075,
    "Percentuale voti Movimento 5 Stelle Camera": 16.39,
    "Il Popolo della Famiglia Camera": 35,
    "Percentuale voti Il Popolo della Famiglia Camera": 0.53,
    "Per una Sinistra Rivoluzionaria Camera": 23,
    "Percentuale voti Per una Sinistra Rivoluzionaria Camera": 0.35,
    "Partito Comunista Camera": 35,
    "Percentuale voti Partito Comunista Camera": 0.53,
    "Civica Popolare Camera": 37,
    "Percentuale voti Civica Popolare Camera": 0.56,
    "Partito Democratico Camera": 1651,
    "Percentuale voti Partito Democratico Camera": 25.17,
    "Italia Europa Insieme Camera": 114,
    "Percentuale voti Italia Europa Insieme Camera": 1.74,
    "Piu Europa Camera": 613,
    "Percentuale voti Piu Europa Camera": 9.35,
    "Unione di Centro Camera": 38,
    "Percentuale voti Unione di Centro Camera": 0.58,
    "Forza Italia Camera": 832,
    "Percentuale voti Forza Italia Camera": 12.68,
    "Lega Nord Camera": 777,
    "Percentuale voti Lega Nord Camera": 11.85,
    "Fratelli d Italia Camera": 298,
    "Percentuale voti Fratelli d Italia Camera": 4.54,
    "Italia agli Italiani Camera": 14,
    "Percentuale voti Italia agli Italiani Camera": 0.21,
    "Partito Repubblicano Italiano - Alleanza Liberalpopolare - Autonomie Camera": 16,
    "Percentuale voti Partito Repubblicano Italiano - Alleanza Liberalpopolare - Autonomie Camera": 0.24,
    "Potere al Popolo Camera": 336,
    "Percentuale voti Potere al Popolo Camera": 5.12,
    "Liberi e Uguali Camera": 617,
    "Percentuale voti Liberi e Uguali Camera": 9.41,
    "Casa Pound Camera": 48,
    "Percentuale voti Casa Pound Camera": 0.73,
    "Totale Voti Validi Camera": 6559,
    "Movimento per le Destre unite - Movimento per i Forconi Senato": 7,
    "Percentuale voti Movimento per le Destre unite - Movimento per i Forconi Senato": 0.12,
    "Il Popolo della Famiglia Senato": 35,
    "Percentuale voti Il Popolo della Famiglia Senato": 0.58,
    "Partito Repubblicato Italiano - Alleanza Liberalpopolare - Autonomie Senato": 14,
    "Percentuale voti Partito Repubblicato Italiano - Alleanza Liberalpopolare - Autonomie Senato": 0.23,
    "Potere al Popolo Senato": 315,
    "Percentuale voti Potere al Popolo Senato": 5.19,
    "Civica Popolare Senato": 30,
    "Percentuale voti Civica Popolare Senato": 0.49,
    "Italia Europa Insieme Senato": 88,
    "Percentuale voti Italia Europa Insieme Senato": 1.45,
    "Piu Europa Senato": 504,
    "Percentuale voti Piu Europa Senato": 8.31,
    "Partito Democratico Senato": 1408,
    "Percentuale voti Partito Democratico Senato": 23.2,
    "Per una Sinistra Rivoluzionaria Senato": 21,
    "Percentuale voti Per una Sinistra Rivoluzionaria Senato": 0.35,
    "Partito Comunista Senato": 41,
    "Percentuale voti Partito Comunista Senato": 0.68,
    "CasaPound Senato": 36,
    "Percentuale voti CasaPound Senato": 0.59,
    "Liberi e Uguali Senato": 733,
    "Percentuale voti Liberi e Uguali Senato": 12.08,
    "Italia agli Italiani Senato": 16,
    "Percentuale voti Italia agli Italiani Senato": 0.26,
    "Movimento 5 Stelle Senato": 1012,
    "Percentuale voti Movimento 5 Stelle Senato": 16.68,
    "Forza Italia Senato": 794,
    "Percentuale voti Forza Italia Senato": 13.09,
    "Unione di Centro Senato": 26,
    "Percentuale voti Unione di Centro Senato": 0.43,
    "Lega Nord Senato": 717,
    "Percentuale voti Lega Nord Senato": 11.82,
    "Fratelli d Italia Senato": 271,
    "Percentuale voti Fratelli d Italia Senato": 4.47,
    "Totale Voti Validi Senato": 6068,
    "Residenti": 11959
  }
]
