Area Statistica;N contribuenti;Reddito imponibile ai fini irpef;Reddito imponibile ai fini dell'addizionale irpef
Aeroporto;337;6.813.871;6.605.104
Agucchi;3.102;61.365.790;59.676.499
Arcoveggio;8.003;159.279.198;154.801.492
Bargellino;72;1.474.510;1.447.494
Battindarno;6.915;144.365.767;141.038.251
Beverara;5.406;112.633.200;110.295.863
Bitone;7.967;165.920.954;161.715.000
Borgo Centro;5.701;111.810.546;108.919.778
CAAB;198;4.151.030;3.953.104
Cadriano-Calamosco;514;12.713.117;12.369.667
Canale di Reno;4.885;113.483.627;111.286.413
Caserme Rosse-Manifattura;1.545;30.134.505;29.421.193
Casteldebole;3.971;81.955.924;80.122.521
Cavedone;2.298;45.323.922;44.389.790
Chiesanuova;5.387;143.009.266;139.913.385
Cirenaica;6.672;158.872.752;155.974.645
CNR;38;1.047.811;1.020.097
Corelli;6.770;154.877.774;151.661.240
Croce Coperta;4.428;98.077.905;96.096.621
Croce del Biacco;2.937;57.892.656;56.346.406
Dagnini;7.128;177.427.560;173.588.047
Ducati-Villaggio Ina;2.567;50.256.144;49.135.050
Due Madonne;2.158;46.852.203;45.976.612
Emilia Ponente;6.666;146.453.516;143.398.993
Ex Mercato Ortofrutticolo;361;6.951.841;6.801.232
Fiera;15;333.335;319.341
Fossolo;6.828;178.170.704;175.506.613
Galvani-1;1.299;63.960.962;63.003.945
Galvani-2;8.145;296.090.528;291.180.247
Giardini Margherita;21;1.562.513;1.541.310
Guelfa;4.966;105.433.032;103.148.856
Irnerio-1;2.678;98.537.858;96.867.785
Irnerio-2;7.414;215.454.433;211.673.783
La Birra;1.450;29.709.902;29.075.998
La Dozza;1.074;25.587.053;25.247.582
La Noce;1.152;24.162.771;23.718.620
Laghetti del Rosario;307;8.556.576;8.333.531
Lavino di Mezzo;305;6.207.650;6.017.047
Lazzaretto;306;4.992.862;4.808.352
Lungo Reno;7;107.923;107.923
Lungo Savena;59;1.285.230;1.258.687
Malpighi-1;1.363;62.080.296;61.257.852
Malpighi-2;7.756;223.374.435;218.786.762
Marconi-1;1.598;63.943.854;63.022.060
Marconi-2;9.080;272.867.365;267.907.653
Mengoli;7.586;192.575.187;188.905.576
Mezzofanti;5.266;199.544.594;196.434.514
Michelino;3.342;63.132.137;61.581.795
Monte Donato;1.003;38.501.275;37.725.563
Mulino del Gomito;351;5.900.443;5.683.577
Ospedale Bellaria;124;2.681.081;2.641.099
Ospedale Sant'Orsola;82;1.175.224;1.158.060
Osservanza;3.027;122.689.218;120.662.085
Paderno;1.010;52.208.852;51.319.746
Pescarola;3.482;68.462.161;66.809.863
Piazza dell'Unita';7.196;142.212.283;138.197.399
Pilastro;5.136;88.218.138;86.043.821
Ponte Savena-La Bastia;1.009;23.042.848;22.649.221
Pontevecchio;3.821;81.711.176;79.657.870
Prati di Caprara-Ospedale Maggiore;331;8.402.409;8.291.895
Ravone;895;34.366.909;33.780.373
Rigosa;800;19.524.095;18.944.008
Roveri;433;12.367.060;12.123.800
San Donnino;2.310;47.736.249;46.619.121
San Giuseppe;4.631;161.970.273;159.189.558
San Luca;420;22.266.685;22.048.065
San Michele in Bosco;1.522;74.474.435;74.455.834
San Savino;6.940;141.707.705;138.183.778
Savena Abbandonato;603;13.099.961;12.715.553
Scalo Merci San Donato;23;631.836;631.783
Scalo Ravone;96;2.459.622;2.453.881
Scandellara;438;10.594.744;10.394.120
Siepelunga;3.241;150.814.029;149.062.846
Stadio-Meloncello;2.710;74.424.434;73.057.090
Stradelli Guelfi;144;3.688.736;3.579.050
Tiro A Segno;109;2.432.996;2.334.979
Triumvirato-Pietra;3.541;73.470.729;71.767.664
Velodromo;4.498;97.136.334;95.012.621
Via Arno;5.900;138.435.704;136.091.632
Via del Genio;13;550.182;537.204
Via del Lavoro;5.655;115.314.551;112.601.337
Via del Vivaio;509;9.442.049;9.123.685
Via Ferrarese;7.906;156.059.174;151.707.894
Via Larga;1.512;43.392.704;43.151.613
Via Mondo;6.133;119.905.225;117.061.966
Via Toscana;7.213;181.502.918;177.444.510
Via Vittorio Veneto;3.999;88.735.225;86.716.219
Villaggio della Barca;4.192;73.754.461;71.777.259
XXI Aprile;9.664;241.529.213;236.397.359
Zanardi;4.602;102.368.772;100.275.123
SENZA FISSA DIMORA;26;216.222;216.222
Non residenti nell'anno d'imposta;12.590;149.680.213;144.905.459
