Area statistica;N_Contribuenti;Reddito imponibile ai fini irpef;Reddito imponibile ai fini dell'addizionale irpef
Aeroporto;330;6703326;6506759
Agucchi;3104;63214967;61196501
Arcoveggio;7850;162191008;156955917
Bargellino;74;1596272;1584098
Battindarno;6752;146377736;142890991
Beverara;5232;111437412;108490621
Bitone;7949;169013605;164236746
Borgo Centro;5658;114423494;111219278
CAAB;204;4222221;4016938
CNR;31;708883;675623
Cadriano-Calamosco;540;14340871;13848962
Canale di Reno;4883;117509952;114971705
Caserme Rosse-Manifa;1512;29366218;28209773
Casteldebole;3836;82084445;80419622
Cavedone;2195;44795693;43667766
Chiesanuova;5391;143922173;140425648
Cirenaica;6470;157287223;154084240
Corelli;6542;152575374;148920279
Croce Coperta;4395;101127657;98761981
Croce del Biacco;2905;58844928;57033895
Dagnini;6971;178128778;173486512
Ducati-Villaggio Ina;2480;50852741;49522034
Due Madonne;2144;47021391;46104571
Emilia Ponente;6512;149028874;145402560
Ex Mercato Ortofrutt;364;7040814;6866496
Fiera;13;260765;246364
Fossolo;6860;178115700;174719636
Galvani-1;1293;64387450;63540816
Galvani-2;7916;283120501;277611624
Giardini Margherita;21;1571060;1551360
Guelfa;4991;108115955;105462852
Irnerio-1;2611;97199024;95645684
Irnerio-2;7206;212214872;207760428
La Birra;1418;28983409;28209461
La Dozza;1057;25579404;25121466
La Noce;1119;23807077;23202305
Laghetti del Rosario;314;8646273;8458168
Lavino di Mezzo;323;7182857;6918978
Lazzaretto;329;7124011;6927088
Lungo Reno;7;111396;111396
Lungo Savena;76;1562303;1505032
Malpighi-1;1341;57744302;56655817
Malpighi-2;7539;220767528;215648219
Marconi-1;1633;59656672;58204216
Marconi-2;8932;267888567;262948091
Mengoli;7528;192155891;187588505
Mezzofanti;5198;195367752;191900548
Michelino;3326;65262751;63165876
Monte Donato;1024;36854658;35891458
Mulino del Gomito;357;5833474;5590005
Ospedale Bellaria;111;2876036;2841075
Ospedale Sant'Orsola;68;978984;916948
Osservanza;2968;120327041;118417963
Paderno;1041;50711783;49911573
Pescarola;3405;68526783;66731877
Piazza dell'Unita';7232;144061523;138848340
Pilastro;5001;87513766;84766601
Ponte Savena-La Bast;1008;23786475;23234825
Pontevecchio;3825;82414276;79973858
Prati di Caprara-Osp;345;9943596;9773652
Ravone;887;35003589;34364665
Rigosa;830;20531571;19902516
Roveri;445;11999064;11679173
San Donnino;2238;47415492;46095783
San Giuseppe;4506;157915129;155106605
San Luca;397;21528180;21245519
San Michele in Bosco;1480;72802770;71455230
San Savino;6901;146536934;142702362
Savena Abbandonato;619;14093230;13769124
Scalo Merci San Dona;19;549403;546920
Scalo Ravone;128;3349060;3308586
Scandellara;423;10976612;10789460
Siepelunga;3159;134273865;131909273
Stadio-Meloncello;2691;70881879;68855008
Stradelli Guelfi;188;5250833;5178504
Tiro A Segno;95;1908268;1859739
Triumvirato-Pietra;3677;79225415;77089784
Velodromo;4449;100325681;97943592
Via Arno;5770;138631819;135829456
Via Ferrarese;7822;158288991;152942850
Via Larga;1495;42943628;42502063
Via Mondo;5952;118891301;115719290
Via Toscana;7107;180097839;175301051
Via Vittorio Veneto;4055;92230651;89733405
Via del Genio;12;530244;497932
Via del Lavoro;5610;116059423;113034697
Via del Vivaio;514;10322030;9949730
Villaggio della Barc;4038;75421436;72632263
XXI Aprile;9528;240091184;234163390
Zanardi;4491;101319552;98875999
SENZA FISSA DIMORA;52;403972;391011
NON RESIDENTI NELL'ANNO DI IMPOSTA;13008;148324339;141095587
