<?xml version="1.0" encoding="utf-8" ?>
<rdf:RDF xmlns:rdf="http://www.w3.org/1999/02/22-rdf-syntax-ns#"
         xmlns:dc="http://purl.org/dc/terms/"
         xmlns:owl="http://www.w3.org/2002/07/owl#"
         xmlns:ns0="http://dati.gov.it/onto/"
         xmlns:dcat="http://www.w3.org/ns/dcat#"
         xmlns:ns1="https://www.w3.org/TR/vcard-rdf/"
         xmlns:prov="http://www.w3.org/ns/prov#"
         xmlns:foaf="http://xmlns.com/foaf/0.1/"
         xmlns:ns2="http://www.w3.org/ns/dqv#"
         xmlns:skos="http://www.w3.org/2004/02/skos/core#">

  <rdf:Description rdf:about="https://bolideopendata.github.io/bolideopendata/dataset/set-finali/analisi-politiche/bologna_elezionipolitiche2018_residenti2017_redditi2009-2016">
    <rdf:type rdf:resource="http://dati.gov.it/onto/dcatapitDataset"/>
    <rdf:type rdf:resource="http://www.w3.org/ns/dcat#Dataset"/>
    <dc:identifier>bolideopendata:D.1</dc:identifier>
    <dc:title xml:lang="it">redditi_elezioni_politiche</dc:title>
    <dc:description xml:lang="it">Il dataset contiene i dati divisi per zona di Bologna di: redditi medi pro-capite dei contribuenti bolognesi dal 2009 al 2016, i risutati degli scrutini alle elezioni politiche per l'elezione al Senato della Repubblica e alla Camera dei Deputati del 4.3.2018, e il numero di residenti.</dc:description>
    <dc:modified rdf:datatype="http://www.w3.org/2001/XMLSchema#date">2018-01-19</dc:modified>
    <dc:issued rdf:datatype="http://www.w3.org/2001/XMLSchema#date">2018-01-19</dc:issued>
    <owl:versionInfo>0.1.0</owl:versionInfo>
    <dc:temporal>
      <dc:PeriodOfTime rdf:about="https://bolideopendata.github.io/bolideopendata/PeriodoTemporale/periodTimebolideopendata">
        <ns0:dcatapitstartDate rdf:datatype="http://www.w3.org/2001/XMLSchema#date">2009-01-01</ns0:dcatapitstartDate>
        <ns0:dcatapitendDate rdf:datatype="http://www.w3.org/2001/XMLSchema#date">2018-03-04</ns0:dcatapitendDate>
      </dc:PeriodOfTime>
    </dc:temporal>

    <dcat:theme rdf:resource="http://publications.europa.eu/resource/authority/data-theme/ECON"/>
    <dcat:theme rdf:resource="http://publications.europa.eu/resource/authority/data-theme/SOCI"/>
    <dcat:theme rdf:resource="http://publications.europa.eu/resource/authority/data-theme/GOVE"/>
    <dc:subject rdf:resource="http://eurovoc.europa.eu/700"/>
    <dc:subject rdf:resource="http://eurovoc.europa.eu/3319"/>
    <dc:subject rdf:resource="http://eurovoc.europa.eu/3460"/>
    <dcat:keyword xml:lang="it">elezioni</dcat:keyword>
    <dcat:keyword xml:lang="it">bologna</dcat:keyword>
    <dcat:keyword xml:lang="it">redditi</dcat:keyword>
    <dc:spatial rdf:resource="https://www.geonames.org/3181928/"/>
    <dc:accrualPeriodicity rdf:resource="http://publications.europa.eu/resource/authority/frequency/OTHER"/>
    <dcat:distribution rdf:resource="https://bolideopendata.github.io/bolideopendata/dataset/set-finali/analisi-politiche/bologna_elezionipolitiche2018_residenti2017_redditi2009-2016/Distribuzione/bolideopendata-RDFTURTLE"/>
    <dcat:distribution rdf:resource="https://bolideopendata.github.io/bolideopendata/dataset/set-finali/analisi-politiche/bologna_elezionipolitiche2018_residenti2017_redditi2009-2016/Distribuzione/bolideopendata-CSV"/>
    <dcat:distribution rdf:resource="https://bolideopendata.github.io/bolideopendata/dataset/set-finali/analisi-politiche/bologna_elezionipolitiche2018_residenti2017_redditi2009-2016/Distribuzione/bolideopendata-JSON"/>
    <dcat:contactPoint>
      <ns0:dcatapitAgent rdf:about="https://bolideopendata.github.io/bolideopendata/resource/PuntoContatto/contactPointbolideopendata">
        <ns1:hasEmail rdf:resource="mailto:bolideopendata@gmail.com"/>
      </ns0:dcatapitAgent>
    </dcat:contactPoint>

    <dc:rightsHolder rdf:resource="Comune di Bologna"/>
    <dc:publisher rdf:resource="http://bolideopendata.github.io/team/bolideopendatateam"/>
    <dc:language rdf:resource="http://publications.europa.eu/resource/authority/language/ITA"/>
    <prov:wasDerivedFrom rdf:resource="http://dati.comune.bologna.it/download/file/fid/1136"/>
    <prov:wasDerivedFrom rdf:resource="http://dati.comune.bologna.it/download/file/fid/1137"/>
    <prov:wasDerivedFrom rdf:resource="http://dati.comune.bologna.it/download/file/fid/1135"/>
    <prov:wasDerivedFrom rdf:resource="http://dati.comune.bologna.it/download/file/fid/1878"/>
    <prov:wasDerivedFrom rdf:resource="http://dati.comune.bologna.it/download/file/fid/2436"/>
    <prov:wasDerivedFrom rdf:resource="http://dati.comune.bologna.it/download/file/fid/3422"/>
    <prov:wasDerivedFrom rdf:resource="http://dati.comune.bologna.it/download/file/fid/4304"/>
    <prov:wasDerivedFrom rdf:resource="http://dati.comune.bologna.it/download/file/fid/4615"/>
    <prov:wasDerivedFrom rdf:resource="http://dati.comune.bologna.it/download/file/fid/4267"/>
    <prov:wasDerivedFrom rdf:resource="http://dati.comune.bologna.it/download/file/fid/4269"/>
    <prov:wasDerivedFrom rdf:resource="http://dati.comune.bologna.it/download/file/fid/4265"/>
    <prov:wasDerivedFrom rdf:resource="http://dati.comune.bologna.it/download/file/fid/1275"/>
  </rdf:Description>

  <ns0:dcatapitDistribution rdf:about="https://bolideopendata.github.io/bolideopendata/dataset/set-finali/analisi-politiche/bologna_elezionipolitiche2018_residenti2017_redditi2009-2016/Distribuzione/bolideopendata-RDFXML">
    <rdf:type rdf:resource="http://www.w3.org/ns/dcat#Distribution"/>
    <dc:title xml:lang="it">Distribuzione RDF-XML bologna_elezionipolitiche2018_residenti2017_redditi2009-2016</dc:title>
    <dc:description xml:lang="it">Distribuzione RDF-XML del dataset bologna_elezionipolitiche2018_residenti2017_redditi2009-2016</dc:description>
    <dc:format rdf:resource="http://publications.europa.eu/resource/authority/file-type/XML"/>
    <dc:license>
      <ns0:dcatapitLicenseDocument rdf:about="https://www.dati.gov.it/content/italian-open-data-license-v20">
        <rdf:type rdf:resource="http://purl.org/dc/terms/LicenseDocument"/>
        <dc:type rdf:resource="http://purl.org/adms/licencetype/Attribution"/>
        <foaf:name>Italian Open Data License</foaf:name>
        <owl:versionInfo>2.0</owl:versionInfo>
      </ns0:dcatapitLicenseDocument>
    </dc:license>

    <dcat:accessURL rdf:resource="https://github.com/bolideopendata/bolideopendata/blob/master/dataset/set-finali/analisi-politiche/bologna_elezionipolitiche2018_residenti2017_redditi2009-2016.xml"/>
  </ns0:dcatapitDistribution>

  <rdf:Description rdf:about="http://bolideopendata.github.io/bolideopendata/bolide-ns#measure1">
    <rdf:type rdf:resource="http://www.w3.org/ns/dqv#QualityMeasurement"/>
    <ns2:computedOn rdf:resource="https://bolideopendata.github.io/dataset/set-finali/analisi-politiche/bologna_elezionipolitiche2018_residenti2017_redditi2009-2016.csv"/>
    <ns2:isMeasurementOf>
      <ns2:Metric rdf:about="http://bolideopendata.github.io/bolideopendata/bolide-ns#accuracyMetric">
        <skos:definition xml:lang="it">Se il dataset presenta sintassi e semantica accurate == True</skos:definition>
        <ns2:inDimension>
          <ns2:Dimension rdf:about="http://bolideopendata.github.io/bolideopendata/bolide-ns#accuracy">
            <skos:prefLabel xml:lang="it">Accuratezza</skos:prefLabel>
            <skos:definition xml:lang="it">Il grado in cui gli attributi rappresentano in maniera corretta il valore reale del dato in uno specifico contesto.</skos:definition>
            <ns2:inCategory rdf:resource="http://bolideopendata.github.io/bolideopendata/bolide-ns#intrinsicDimensions"/>
          </ns2:Dimension>
        </ns2:inDimension>

      </ns2:Metric>
    </ns2:isMeasurementOf>

    <ns2:value rdf:datatype="http://www.w3.org/2001/XMLSchema#boolean">true</ns2:value>
  </rdf:Description>

  <ns2:QualityMeasurement rdf:about="http://bolideopendata.github.io/bolideopendata/bolide-ns#measure2">
    <ns2:computedOn rdf:resource="https://bolideopendata.github.io/dataset/set-finali/analisi-politiche/bologna_elezionipolitiche2018_residenti2017_redditi2009-2016.csv"/>
    <ns2:isMeasurementOf>
      <ns2:Metric rdf:about="http://bolideopendata.github.io/bolideopendata/bolide-ns#csvCompletenessMetric">
        <skos:definition xml:lang="it">Percentuale dei valori non-nulli all'interno del dataset.</skos:definition>
        <ns2:inDimension>
          <ns2:Dimension rdf:about="http://bolideopendata.github.io/bolideopendata/bolide-ns#completeness">
            <skos:prefLabel xml:lang="en">Completezza</skos:prefLabel>
            <skos:definition xml:lang="it">Il grado per cui il dato associato a un’entità presenta valori per tutti gli attributi attesi e relative istanze in un certo contesto.</skos:definition>
            <ns2:inCategory rdf:resource="http://bolideopendata.github.io/bolideopendata/bolide-ns#intrinsicDimensions"/>
          </ns2:Dimension>
        </ns2:inDimension>

      </ns2:Metric>
    </ns2:isMeasurementOf>

    <ns2:value rdf:datatype="http://www.w3.org/2001/XMLSchema#decimal">100.0</ns2:value>
  </ns2:QualityMeasurement>

  <ns2:QualityMeasurement rdf:about="http://bolideopendata.github.io/bolideopendata/bolide-ns#measure3">
    <ns2:computedOn rdf:resource="https://bolideopendata.github.io/dataset/set-finali/analisi-politiche/bologna_elezionipolitiche2018_residenti2017_redditi2009-2016.csv"/>
    <ns2:isMeasurementOf rdf:resource="http://bolideopendata.github.io/bolideopendata/bolide-ns#coherenceMetric"/>
    <ns2:value rdf:datatype="http://www.w3.org/2001/XMLSchema#boolean">true</ns2:value>
  </ns2:QualityMeasurement>

  <ns2:QualityMeasurement rdf:about="http://bolideopendata.github.io/bolideopendata/bolide-ns#measure4">
    <ns2:computedOn rdf:resource="https://bolideopendata.github.io/dataset/set-finali/analisi-politiche/bologna_elezionipolitiche2018_residenti2017_redditi2009-2016.csv"/>
    <ns2:isMeasurementOf rdf:resource="http://bolideopendata.github.io/bolideopendata/bolide-ns#coherenceMetric"/>
    <ns2:value rdf:datatype="http://www.w3.org/2001/XMLSchema#boolean">true</ns2:value>
  </ns2:QualityMeasurement>

  <ns2:QualityMeasurement rdf:about="http://bolideopendata.github.io/bolideopendata/bolide-ns#measure5">
    <ns2:computedOn rdf:resource="https://bolideopendata.github.io/dataset/set-finali/analisi-politiche/bologna_elezionipolitiche2018_residenti2017_redditi2009-2016.csv"/>
    <ns2:isMeasurementOf>
      <ns2:Metric rdf:about="http://bolideopendata.github.io/bolideopendata/bolide-ns#availabilityMetric">
        <skos:definition xml:lang="en">Se l'URI è persistente, non ambiguo e scaricabile == True</skos:definition>
        <ns2:inDimension>
          <ns2:Dimension rdf:about="http://bolideopendata.github.io/bolideopendata/bolide-ns#availability">
            <skos:prefLabel xml:lang="it">Disponibilità</skos:prefLabel>
            <skos:definition xml:lang="it">Il grado in cui il dataset risulta essere facilmente raggiungibile e scaricabile.</skos:definition>
            <ns2:inCategory rdf:resource="http://bolideopendata.github.io/bolideopendata/bolide-ns#accessibility"/>
          </ns2:Dimension>
        </ns2:inDimension>

      </ns2:Metric>
    </ns2:isMeasurementOf>

    <ns2:value rdf:datatype="http://www.w3.org/2001/XMLSchema#boolean">true</ns2:value>
  </ns2:QualityMeasurement>

  <ns2:QualityMeasurement rdf:about="http://bolideopendata.github.io/bolideopendata/bolide-ns#measure6">
    <ns2:computedOn rdf:resource="https://bolideopendata.github.io/dataset/set-finali/analisi-politiche/bologna_elezionipolitiche2018_residenti2017_redditi2009-2016.csv"/>
    <ns2:isMeasurementOf>
      <ns2:Metric rdf:about="http://bolideopendata.github.io/bolideopendata/bolide-ns#processabilityMetric">
        <skos:definition xml:lang="en">Se il dataset è pubblicato in formato .xml / .json / .rdf (e serializzazioni) == True</skos:definition>
        <ns2:inDimension>
          <ns2:Dimension rdf:about="http://bolideopendata.github.io/bolideopendata/bolide-ns#processability">
            <skos:prefLabel xml:lang="it">Processabilità</skos:prefLabel>
            <skos:definition xml:lang="it">Il grado in cui il dataset risulta essere consultabile non solo da agenti umani ma anche da agenti automatici.</skos:definition>
            <ns2:inCategory rdf:resource="http://bolideopendata.github.io/bolideopendata/bolide-ns#accessibility"/>
          </ns2:Dimension>
        </ns2:inDimension>

      </ns2:Metric>
    </ns2:isMeasurementOf>

    <ns2:value rdf:datatype="http://www.w3.org/2001/XMLSchema#boolean">true</ns2:value>
  </ns2:QualityMeasurement>

  <ns2:QualityMeasurement rdf:about="http://bolideopendata.github.io/bolideopendata/bolide-ns#measure7">
    <ns2:computedOn rdf:resource="https://bolideopendata.github.io/dataset/set-finali/analisi-politiche/bologna_elezionipolitiche2018_residenti2017_redditi2009-2016.csv"/>
    <ns2:isMeasurementOf>
      <ns2:Metric rdf:about="http://bolideopendata.github.io/bolideopendata/bolide-ns#credibilityMetric">
        <skos:definition xml:lang="en">Se nei metadati che corredano il dataset è presente prov:wasDerivedFrom == True</skos:definition>
        <ns2:inDimension>
          <ns2:Dimension rdf:about="http://bolideopendata.github.io/bolideopendata/bolide-ns#credibility">
            <skos:prefLabel xml:lang="it">Credibilità</skos:prefLabel>
            <skos:definition xml:lang="it">Il grado in cui le informazioni contenute nel dataset risultano essere credibili e supportate da provenance</skos:definition>
            <ns2:inCategory rdf:resource="http://bolideopendata.github.io/bolideopendata/bolide-ns#accessibility"/>
          </ns2:Dimension>
        </ns2:inDimension>

      </ns2:Metric>
    </ns2:isMeasurementOf>

    <ns2:value rdf:datatype="http://www.w3.org/2001/XMLSchema#boolean">true</ns2:value>
  </ns2:QualityMeasurement>

  <ns2:Dimension rdf:about="http://bolideopendata.github.io/bolideopendata/bolide-ns#coherence">
    <skos:prefLabel xml:lang="it">Coerenza</skos:prefLabel>
    <skos:definition xml:lang="it">Il grado in cui gli attributi del dato non sono in contraddizione con altri dati in uno specifico contesto.</skos:definition>
    <ns2:inCategory rdf:resource="http://bolideopendata.github.io/bolideopendata/bolide-ns#intrinsicDimensions"/>
  </ns2:Dimension>

  <ns2:Dimension rdf:about="http://bolideopendata.github.io/bolideopendata/bolide-ns#timeliness">
    <skos:prefLabel xml:lang="it">Tempestività</skos:prefLabel>
    <skos:definition xml:lang="it">Il grado in cui gli attributi del dato sono al «giusto tempo» rispetto al contesto di riferimento.</skos:definition>
    <ns2:inCategory rdf:resource="http://bolideopendata.github.io/bolideopendata/bolide-ns#intrinsicDimensions"/>
  </ns2:Dimension>

  <ns2:Metric rdf:about="http://bolideopendata.github.io/bolideopendata/bolide-ns#coherenceMetric">
    <skos:definition xml:lang="it">Se il dataset non presenta contraddizioni interne == True</skos:definition>
    <ns2:inDimension rdf:resource="http://bolideopendata.github.io/bolideopendata/bolide-ns#coherence"/>
  </ns2:Metric>

  <ns2:Metric rdf:about="http://bolideopendata.github.io/bolideopendata/bolide-ns#timelinessMetric">
    <skos:definition xml:lang="it">Se la data di ultima modifica del dato rispetto al tempo di misurazione ricade nell'intervallo della frequenza di aggiornamento == True</skos:definition>
    <ns2:inDimension rdf:resource="http://bolideopendata.github.io/bolideopendata/bolide-ns#coherence"/>
  </ns2:Metric>

</rdf:RDF>
