<?xml version="1.0" encoding="utf-8" ?>
<rdf:RDF xmlns:rdf="http://www.w3.org/1999/02/22-rdf-syntax-ns#"
         xmlns:dc="http://purl.org/dc/terms/"
         xmlns:owl="http://www.w3.org/2002/07/owl#"
         xmlns:dcat="http://www.w3.org/ns/dcat#"
         xmlns:foaf="http://xmlns.com/foaf/0.1/"
         xmlns:ns0="https://www.w3.org/TR/vcard-rdf/"
         xmlns:prov="http://www.w3.org/ns/prov#">

  <rdf:Description rdf:about="https://bolideopendata.github.io/bolideopendata/dataset/set-finali/zone/zone_bologna">
    <rdf:type rdf:resource="http://dati.gov.it/onto/dcatapitDataset"/>
    <rdf:type rdf:resource="http://www.w3.org/ns/dcat#Dataset"/>
    <dc:identifier>bolideopendata:D.3</dc:identifier>
    <dc:title xml:lang="it">zone_bologna</dc:title>
    <dc:description xml:lang="it">Il dataset contiene contiene le coordinate geografiche per tracciare i confini delle zone di Bologna</dc:description>
    <dc:modified rdf:datatype="http://www.w3.org/2001/XMLSchema#date">2018-01-19</dc:modified>
    <dc:issued rdf:datatype="http://www.w3.org/2001/XMLSchema#date">2018-01-19</dc:issued>
    <owl:versionInfo>0.1.0</owl:versionInfo>
    <dcat:theme rdf:resource="http://publications.europa.eu/resource/authority/data-theme/REGI"/>
    <dc:subject rdf:resource="http://publications.europa.eu/resource/authority/atu-type/IRL_CTH"/>
    <dcat:keyword xml:lang="it">zone</dcat:keyword>
    <dcat:keyword xml:lang="it">bologna</dcat:keyword>
    <dcat:keyword xml:lang="it">geografia</dcat:keyword>
    <dc:spatial rdf:resource="https://www.geonames.org/3181928/"/>
    <dc:accrualPeriodicity rdf:resource="http://publications.europa.eu/resource/authority/frequency/IRREG"/>
    <dcat:distribution>
      <rdf:Description rdf:about="https://bolideopendata.github.io/bolideopendata/dataset/set-finali/zone/zone_bologna/Distribuzione/bolideopendata-JSON">
        <rdf:type rdf:resource="http://dati.gov.it/onto/dcatapitDistribution"/>
        <rdf:type rdf:resource="http://www.w3.org/ns/dcat#Distribution"/>
        <dc:title xml:lang="it">Distribuzione JSON zone_bologna</dc:title>
        <dc:description xml:lang="it">Distribuzione JSON del dataset zone_bologna</dc:description>
        <dc:format rdf:resource="http://publications.europa.eu/resource/authority/file-type/JSON"/>
        <dc:license>
          <rdf:Description rdf:about="https://www.dati.gov.it/content/italian-open-data-license-v20">
            <rdf:type rdf:resource="http://dati.gov.it/onto/dcatapitLicenseDocument"/>
            <rdf:type rdf:resource="http://purl.org/dc/terms/LicenseDocument"/>
            <dc:type rdf:resource="http://purl.org/adms/licencetype/Attribution"/>
            <foaf:name>Italian Open Data License</foaf:name>
            <owl:versionInfo>2.0</owl:versionInfo>
          </rdf:Description>
        </dc:license>

        <dcat:accessURL rdf:resource="https://github.com/bolideopendata/bolideopendata/blob/master/dataset/set-finali/zone/zone_bologna.geojson"/>
      </rdf:Description>
    </dcat:distribution>

    <dcat:contactPoint>
      <rdf:Description rdf:about="https://bolideopendata.github.io/bolideopendata/resource/PuntoContatto/contactPointbolideopendata">
        <rdf:type rdf:resource="http://dati.gov.it/onto/dcatapitAgent"/>
        <ns0:hasEmail rdf:resource="mailto:bolideopendata@gmail.com"/>
      </rdf:Description>
    </dcat:contactPoint>

    <dc:rightsHolder rdf:resource="http://bolideopendata.github.io/team/bolideopendatateam"/>
    <dc:publisher rdf:resource="http://bolideopendata.github.io/team/bolideopendatateam"/>
    <dc:creator rdf:resource="http://bolideopendata.github.io/team/bolideopendatateam"/>
    <dc:language rdf:resource="http://publications.europa.eu/resource/authority/language/ITA"/>
    <prov:wasDerivedFrom rdf:resource="http://dati.comune.bologna.it/node/1184"/>
  </rdf:Description>

</rdf:RDF>
