SEZ_ELETTORALE,QUARTIERE,VECCHIA_DENOM_QUART,ZONA,Iscritti,DESTRE UNITE FORCONI (235),IL POPOLO DELLA FAMIGLIA (965),P.R.I. ALA (347),POTERE AL POPOLO (4905),CIVICA POPOLARE LORENZIN (1433),ITALIA EUROPA INSIEME (2371),PIU' EUROPA (10296),PARTITO DEMOCRATICO (53312),SINISTRA RIVOLUZIONARIA (491),PARTITO COMUNISTA (1366),CASAPOUND (896),LIBERI E UGUALI (18117),ITALIA AGLI ITALIANI (611),MOVIMENTO 5 STELLE (41598),FORZA ITALIA (18467),UDC (831),LEGA (26492),FRATELLI D'ITALIA (6601),SCHEDE BIANCHE (1887),SCHEDE NULLE (3352),CONTESTATE NON ASSEGNATE (14),Totale Votanti,Totale Voti Di Cui,Totale Voti Validi,Totale Voti Non Validi,Totale schede nulle,Totale schede bianche,Totale schede contestate,Differenza
1,3,8,10,370,0,0,0,4,1,5,24,69,0,0,0,36,1,38,49,0,47,15,2,8,0,312,13,289,10,8,2,0,0
2,3,8,10,603,1,2,0,11,7,4,31,92,1,3,6,41,1,56,59,2,56,24,5,5,0,440,33,397,10,5,5,0,0
3,3,8,10,591,0,6,1,14,1,5,29,82,2,4,2,33,1,61,71,1,55,26,8,6,0,437,29,394,14,6,8,0,0
4,3,8,10,611,0,4,0,18,2,9,40,101,0,2,2,41,1,79,76,6,43,21,6,6,0,483,26,445,12,6,6,0,0
5,3,8,10,505,1,3,2,19,2,9,20,59,0,0,4,32,1,45,65,4,61,26,3,10,0,388,22,353,13,10,3,0,0
6,3,8,10,614,0,1,0,19,3,8,37,96,4,1,1,60,0,70,58,6,48,21,2,8,0,468,25,433,10,8,2,0,0
7,3,8,10,660,1,1,1,24,0,6,43,142,1,3,0,54,0,83,48,2,53,17,2,12,0,527,34,479,14,12,2,0,0
8,3,8,10,533,0,2,0,7,1,5,36,92,0,2,4,43,1,78,30,0,42,14,3,12,0,396,24,357,15,12,3,0,0
9,3,8,10,567,1,1,0,26,3,7,25,85,2,6,6,36,2,71,53,0,55,17,2,5,0,434,31,396,7,5,2,0,0
10,3,8,10,598,0,2,2,36,0,5,49,78,0,3,3,56,2,48,49,0,41,12,7,9,0,439,37,386,16,9,7,0,0
11,3,8,10,467,1,1,2,14,3,3,26,79,1,1,1,49,1,40,38,0,44,15,7,5,0,350,19,319,12,5,7,0,0
12,3,8,10,530,1,3,1,27,0,6,27,72,4,1,1,72,1,73,23,0,22,13,3,11,0,379,18,347,14,11,3,0,0
13,3,8,10,359,0,1,2,17,3,4,18,54,0,3,1,31,0,33,22,1,23,9,0,8,0,245,15,222,8,8,0,0,0
14,3,8,10,573,0,0,0,37,2,4,33,88,4,7,0,60,0,81,45,3,30,10,3,5,0,422,10,404,8,5,3,0,0
15,3,8,10,609,0,8,2,17,1,1,32,127,1,3,3,46,2,68,69,1,53,13,1,3,0,485,34,447,4,3,1,0,0
16,3,8,10,572,1,0,1,25,1,7,34,92,1,2,2,43,2,88,39,0,44,18,3,5,0,444,36,400,8,5,3,0,0
17,3,8,6,635,0,3,0,26,5,11,36,138,1,8,4,59,1,99,22,1,50,10,1,5,0,494,14,474,6,5,1,0,0
18,3,8,6,675,1,2,0,20,3,4,42,135,3,2,5,54,2,68,50,2,76,23,2,10,0,524,20,492,12,10,2,0,0
19,3,8,6,610,0,1,0,8,1,3,48,115,0,2,1,38,0,45,76,6,59,30,5,9,0,479,32,433,14,9,5,0,0
20,3,8,6,616,0,4,2,5,4,8,45,92,0,0,4,28,3,41,100,3,88,32,2,6,0,498,31,459,8,6,2,0,0
21,3,8,6,637,1,2,2,31,1,5,43,117,2,1,1,55,3,83,45,1,59,20,5,3,0,511,31,472,8,3,5,0,0
22,3,8,6,674,3,2,3,17,3,7,40,118,2,3,5,60,2,61,80,4,69,15,6,7,0,542,35,494,13,7,6,0,0
23,3,8,6,625,1,4,1,11,8,4,45,151,0,0,3,49,1,64,54,5,64,16,3,16,0,528,28,481,19,16,3,0,0
24,3,8,6,670,0,2,3,13,4,11,48,108,2,2,2,40,0,78,90,4,76,28,6,3,0,545,25,511,9,3,6,0,0
25,3,8,6,617,0,3,1,17,1,4,27,109,2,0,0,37,4,69,62,2,68,25,3,1,0,469,34,431,4,1,3,0,0
26,3,8,6,646,0,2,1,21,3,5,32,115,5,0,3,50,1,70,49,4,73,24,8,11,0,503,26,458,19,11,8,0,0
27,3,8,6,600,0,2,1,18,2,9,29,123,4,2,1,50,1,72,37,2,47,17,3,13,0,463,30,417,16,13,3,0,0
28,3,8,6,663,0,3,2,23,1,13,27,105,1,1,1,54,1,69,82,5,62,17,5,6,0,505,27,467,11,6,5,0,0
29,3,8,6,540,0,2,0,9,7,6,34,71,2,3,3,47,0,91,36,1,46,15,5,7,0,408,23,373,12,7,5,0,0
30,3,8,6,685,1,4,1,17,1,6,37,112,0,3,2,59,3,115,29,2,59,13,4,2,0,499,29,464,6,2,4,0,0
31,3,8,6,696,0,3,0,19,1,3,42,144,0,2,2,54,1,97,48,3,59,19,4,13,0,536,22,497,17,13,4,0,0
32,3,8,6,671,0,3,0,15,4,7,24,140,0,5,4,33,4,113,37,3,55,12,5,10,0,517,43,459,15,10,5,0,0
33,3,8,6,660,1,2,1,15,1,0,34,115,2,3,1,48,2,99,43,2,59,7,8,5,0,489,41,435,13,5,8,0,0
34,3,8,6,586,1,2,0,12,1,6,24,118,0,2,1,42,1,90,27,0,66,16,1,3,0,431,18,409,4,3,1,0,0
35,3,8,6,649,0,2,2,19,2,2,29,128,1,3,1,47,1,105,38,3,68,19,7,7,0,513,29,470,14,7,7,0,0
36,3,8,6,655,0,2,0,13,2,6,33,117,0,5,0,56,1,59,41,4,54,27,4,8,0,470,38,420,12,8,4,0,0
37,3,8,6,647,0,2,0,9,0,11,32,118,0,5,5,41,1,86,62,2,63,14,6,7,0,493,29,451,13,7,6,0,0
38,3,8,6,578,1,2,0,21,0,4,20,98,0,2,2,52,1,86,44,1,62,16,5,6,0,432,9,412,11,6,5,0,0
39,3,8,6,655,2,1,0,16,1,3,50,115,1,2,2,45,2,96,31,0,60,14,4,4,0,469,20,441,8,4,4,0,0
40,3,8,6,573,1,1,3,5,6,4,37,111,1,0,1,30,0,66,64,1,86,16,1,5,0,457,18,433,6,5,1,0,0
41,3,8,6,707,2,0,2,19,2,5,36,109,0,4,1,49,0,116,52,2,69,19,1,9,0,520,23,487,10,9,1,0,0
42,3,8,6,599,1,0,2,16,1,3,32,90,0,5,6,39,2,101,28,1,65,15,8,4,0,449,30,407,12,4,8,0,0
43,3,8,6,662,0,4,1,15,5,5,39,160,1,1,0,44,4,76,59,6,86,16,10,2,0,542,8,522,12,2,10,0,0
44,3,8,6,561,0,1,3,4,9,4,30,90,0,1,2,27,0,59,67,6,79,26,7,9,0,441,17,408,16,9,7,0,0
45,3,8,11,965,0,4,2,19,4,3,36,121,3,0,5,57,3,87,81,2,60,35,4,11,0,568,31,522,15,11,4,0,0
46,3,8,11,583,0,3,2,18,2,10,37,109,2,0,1,49,0,71,55,3,37,17,2,5,0,445,22,416,7,5,2,0,0
47,3,8,11,594,0,1,2,23,1,5,39,120,1,3,3,52,2,78,53,4,73,25,4,4,0,497,4,485,8,4,4,0,0
48,3,8,11,592,0,0,1,8,2,6,42,95,0,2,7,38,2,69,63,1,60,26,2,12,0,472,36,422,14,12,2,0,0
49,3,8,11,706,0,2,1,15,5,9,49,119,2,0,3,45,1,78,71,1,69,27,5,7,0,542,33,497,12,7,5,0,0
50,3,8,11,630,1,1,0,7,8,2,24,86,0,1,2,33,1,64,94,0,66,25,9,4,0,454,26,415,13,4,9,0,0
51,3,8,11,669,1,2,3,12,0,13,33,122,0,2,4,37,0,64,76,3,72,24,7,6,0,509,28,468,13,6,7,0,0
52,3,8,11,580,1,0,1,5,3,1,34,110,0,0,2,37,2,46,57,0,81,32,4,3,0,446,27,412,7,3,4,0,0
53,3,8,11,666,1,3,0,16,2,7,42,118,0,3,1,62,1,97,53,3,47,15,4,11,0,531,45,471,15,11,4,0,0
54,3,8,11,560,1,4,1,22,1,3,34,73,3,2,4,46,1,75,41,0,50,6,2,13,0,416,34,367,15,13,2,0,0
55,3,8,11,640,1,2,0,20,3,6,37,93,3,3,6,53,1,75,62,0,55,18,0,18,0,479,23,438,18,18,0,0,0
56,3,8,11,626,0,0,0,13,6,8,37,109,1,2,0,50,3,91,40,5,58,21,1,6,0,489,38,444,7,6,1,0,0
57,3,8,11,598,0,0,0,7,4,2,30,99,0,4,2,47,5,75,66,3,58,30,2,3,0,464,27,432,5,3,2,0,0
58,3,8,11,541,1,3,0,16,10,5,17,93,0,3,1,30,0,60,60,0,69,17,2,6,0,417,24,385,8,6,2,0,0
59,3,8,11,535,1,2,2,19,1,6,23,93,1,2,3,48,1,70,58,1,49,15,2,4,0,429,28,395,6,4,2,0,0
60,3,8,11,532,0,0,1,11,3,10,33,92,0,2,1,43,1,77,38,1,49,16,5,6,0,410,21,378,11,6,5,0,0
61,3,8,11,583,1,2,0,16,5,6,21,108,1,2,2,47,1,114,46,5,53,12,8,8,0,482,24,442,16,8,8,0,0
62,3,8,11,522,0,2,2,15,0,4,26,88,0,0,1,33,0,80,38,1,51,19,6,9,0,398,23,360,15,9,6,0,0
63,3,3,14,604,0,2,0,16,7,3,26,95,1,3,5,46,0,117,46,4,57,9,2,15,0,472,18,437,17,15,2,0,0
64,3,3,14,598,1,1,0,14,2,6,20,107,1,2,4,44,1,85,34,3,69,13,2,3,0,434,22,407,5,3,2,0,0
65,3,3,14,658,0,4,0,17,1,4,44,108,2,4,1,61,1,93,34,3,44,8,6,8,0,482,39,429,14,8,6,0,0
66,3,3,14,744,0,2,0,13,2,7,38,133,2,3,2,72,0,135,52,1,65,21,1,9,0,589,31,548,10,9,1,0,0
67,3,3,14,626,0,0,0,19,1,6,26,107,1,0,1,56,5,117,33,1,40,12,4,14,0,479,36,425,18,14,4,0,0
68,3,3,14,590,0,0,0,17,2,5,23,98,2,2,2,54,0,114,25,0,49,18,7,6,0,446,22,411,13,6,7,0,0
69,3,3,14,584,2,1,0,11,2,5,19,125,0,1,4,40,2,80,39,1,55,11,6,5,0,439,30,398,11,5,6,0,0
70,3,3,14,561,1,4,0,11,1,7,10,106,3,3,2,41,0,114,32,1,43,14,4,12,0,431,22,393,16,12,4,0,0
71,3,3,14,719,0,1,0,15,4,8,29,141,0,0,3,46,0,86,48,3,68,28,8,7,0,526,31,480,15,7,8,0,0
72,3,3,14,649,0,0,2,14,1,4,27,106,1,4,3,36,2,116,43,2,61,14,2,5,0,465,22,436,7,5,2,0,0
73,3,3,14,642,1,1,0,11,2,9,19,141,1,5,2,52,1,104,30,1,67,8,4,5,0,490,26,455,9,5,4,0,0
74,3,3,14,591,1,3,2,5,1,5,12,140,0,3,1,49,0,62,29,1,57,18,4,7,0,422,22,389,11,7,4,0,0
75,3,3,14,638,0,1,1,7,3,9,24,125,0,2,4,56,2,104,38,1,53,12,3,9,0,493,39,442,12,9,3,0,0
76,3,3,14,525,1,3,0,12,3,0,14,72,1,1,1,28,5,68,26,1,61,4,3,6,0,323,13,301,9,6,3,0,0
77,3,3,14,679,0,6,0,29,2,6,38,110,1,0,2,33,2,130,38,2,53,11,7,10,0,504,24,463,17,10,7,0,0
78,3,3,14,578,0,2,0,8,0,4,13,97,2,0,1,32,3,104,52,1,63,22,3,6,0,426,13,404,9,6,3,0,0
79,3,3,14,536,0,2,2,8,5,4,26,90,0,2,2,44,1,79,50,1,63,19,5,5,0,430,22,398,10,5,5,0,0
80,3,3,14,487,1,0,0,3,2,3,17,61,1,0,11,28,2,104,32,1,75,28,5,1,0,393,18,369,6,1,5,0,0
81,3,3,14,724,0,1,0,15,1,5,26,130,2,3,4,48,2,138,34,1,55,12,6,11,0,526,32,477,17,11,6,0,0
82,3,3,14,642,0,3,0,10,3,7,15,99,0,2,1,51,2,100,23,1,44,10,5,6,0,406,24,371,11,6,5,0,0
83,3,3,14,524,0,0,1,10,1,8,24,98,2,2,3,29,2,77,28,5,56,14,4,6,0,389,19,360,10,6,4,0,0
84,5,7,8,474,0,2,1,8,1,7,31,73,0,1,0,24,0,40,48,8,33,27,6,7,0,342,25,304,13,7,6,0,0
85,5,7,8,563,0,0,0,24,3,3,49,78,3,0,3,64,0,59,48,2,45,10,3,4,0,432,34,391,7,4,3,0,0
86,5,7,8,528,0,3,3,13,9,3,40,81,0,2,0,39,1,49,55,4,51,15,5,2,0,399,24,368,7,2,5,0,0
87,5,7,8,547,0,0,0,8,5,7,30,84,0,0,1,66,3,53,63,0,67,12,1,4,0,437,33,399,5,4,1,0,0
88,5,7,8,499,0,0,1,25,1,6,37,64,3,2,1,52,1,70,34,6,33,9,3,14,0,389,27,345,17,14,3,0,0
89,5,7,8,473,0,5,1,17,3,11,39,77,0,1,2,39,1,56,34,2,40,11,5,4,0,375,27,339,9,4,5,0,0
90,5,7,8,590,0,0,0,17,1,5,20,87,0,2,1,51,3,81,44,0,69,11,5,8,0,433,28,392,13,8,5,0,0
91,5,7,8,562,0,3,1,33,1,12,42,87,2,1,3,49,1,59,33,2,48,9,6,12,0,428,24,386,18,12,6,0,0
92,5,7,8,626,0,1,0,25,2,8,29,98,0,4,2,83,1,75,22,0,38,15,2,16,0,457,36,403,18,16,2,0,0
93,5,7,8,555,0,0,1,25,4,6,53,84,3,1,2,45,0,56,48,0,36,14,3,10,3,431,37,378,16,10,3,3,0
94,5,7,8,449,1,2,1,11,1,5,26,59,2,5,1,34,0,55,27,1,29,6,5,2,0,287,14,266,7,2,5,0,0
95,5,7,8,584,0,1,2,32,1,7,46,116,3,1,3,61,1,58,31,0,40,18,6,4,0,465,34,421,10,4,6,0,0
96,5,7,8,511,0,0,0,17,5,3,20,69,3,0,1,57,0,55,44,1,43,16,1,7,0,375,33,334,8,7,1,0,0
97,5,7,8,567,0,1,0,18,4,9,36,73,2,3,3,39,1,87,39,1,37,14,3,5,0,404,29,367,8,5,3,0,0
98,5,7,8,548,0,2,0,5,3,0,22,110,2,2,4,45,1,65,44,1,63,23,2,9,0,433,30,392,11,9,2,0,0
99,5,7,8,747,1,4,0,16,6,5,36,112,0,2,4,55,1,108,78,2,57,26,2,13,0,557,29,513,15,13,2,0,0
100,5,7,8,492,1,0,0,11,4,9,22,79,0,0,1,41,2,73,34,0,41,17,2,0,0,367,30,335,2,0,2,0,0
101,5,7,8,573,0,0,1,13,4,4,40,104,1,1,0,45,4,63,54,4,45,18,5,3,0,448,39,401,8,3,5,0,0
102,4,7,18,645,0,3,1,14,5,3,37,131,0,5,3,62,0,77,35,1,58,13,3,4,0,488,33,448,7,4,3,0,0
103,4,7,18,553,0,3,1,4,4,2,26,101,0,2,0,47,2,73,55,1,43,21,3,5,0,412,19,385,8,5,3,0,0
104,4,7,18,661,0,0,1,15,5,11,36,139,0,3,5,43,1,70,51,4,59,27,6,4,0,513,33,470,10,4,6,0,0
105,4,7,18,625,0,0,1,7,2,5,29,111,4,5,2,44,2,81,41,0,45,13,3,9,0,452,48,392,12,9,3,0,0
106,4,7,18,641,0,3,0,12,6,8,29,141,2,2,1,54,3,87,26,6,42,11,3,7,0,474,31,433,10,7,3,0,0
107,4,7,18,613,0,0,2,39,2,6,23,105,1,5,2,46,1,92,31,1,55,14,5,10,0,473,33,425,15,10,5,0,0
108,4,7,18,594,1,1,0,12,2,5,10,112,2,7,3,40,1,126,25,0,52,6,4,7,1,439,22,405,12,7,4,1,0
109,4,7,18,697,0,1,1,33,3,10,40,118,4,3,2,71,0,94,34,2,53,16,6,8,0,537,38,485,14,8,6,0,0
110,4,7,18,640,0,3,0,16,4,10,26,116,1,1,0,43,1,78,32,5,62,8,2,12,0,443,23,406,14,12,2,0,0
111,4,7,18,664,1,2,0,10,5,3,11,118,2,2,3,39,0,102,32,0,72,8,4,4,0,435,17,410,8,4,4,0,0
112,4,7,18,634,0,0,0,18,3,12,25,123,1,2,1,50,0,104,34,1,37,17,7,5,0,469,29,428,12,5,7,0,0
113,4,7,18,611,0,2,0,16,2,5,45,114,2,1,1,52,1,95,44,0,63,17,5,12,0,495,18,460,17,12,5,0,0
114,4,7,18,657,0,6,0,14,3,6,37,131,1,2,1,47,0,69,74,0,54,25,8,23,0,526,25,470,31,23,8,0,0
115,4,7,18,748,2,1,0,10,1,3,28,124,1,2,2,32,1,122,54,0,62,16,6,8,0,506,31,461,14,8,6,0,0
116,4,7,18,610,0,0,1,13,2,7,21,123,2,4,0,49,1,83,30,0,43,16,7,14,0,444,28,395,21,14,7,0,0
117,4,7,18,677,0,4,0,4,4,5,29,155,1,3,2,27,1,102,49,2,64,25,4,8,0,516,27,477,12,8,4,0,0
118,4,7,18,420,0,1,0,10,1,2,15,55,0,3,0,23,1,43,17,0,54,13,3,7,0,266,18,238,10,7,3,0,0
119,4,7,18,640,1,2,1,10,1,6,38,129,2,4,4,38,1,105,37,7,58,26,0,5,0,502,27,470,5,5,0,0,0
120,4,7,18,571,0,0,1,9,4,5,36,98,1,2,3,42,2,83,45,2,47,8,4,10,0,430,28,388,14,10,4,0,0
121,4,7,18,631,0,6,0,11,4,7,15,121,6,0,1,40,3,115,50,7,56,18,4,6,0,483,13,460,10,6,4,0,0
122,4,7,18,563,0,1,1,11,3,9,13,126,1,4,4,32,0,79,48,2,56,12,4,4,0,434,24,402,8,4,4,0,0
123,4,7,18,680,0,4,2,7,6,6,28,153,0,1,1,50,3,83,50,7,77,19,2,14,0,552,39,497,16,14,2,0,0
124,4,7,18,554,0,0,2,15,1,6,16,105,1,4,2,38,0,131,24,1,42,8,7,5,0,413,5,396,12,5,7,0,0
125,4,7,18,598,1,4,0,22,3,5,20,66,2,5,2,63,1,116,17,3,60,8,5,20,0,431,8,398,25,20,5,0,0
126,4,7,18,590,0,0,1,12,2,3,28,128,0,0,1,46,1,84,51,0,57,9,1,4,0,448,20,423,5,4,1,0,0
127,4,7,18,762,0,4,0,11,6,4,25,159,1,8,1,49,3,143,53,8,73,11,4,7,0,577,7,559,11,7,4,0,0
128,4,7,18,599,1,1,0,12,0,8,18,111,1,4,3,33,1,113,34,2,53,11,3,11,0,440,20,406,14,11,3,0,0
129,4,7,18,702,0,0,1,15,4,6,25,127,3,4,2,40,2,118,46,2,76,10,3,5,0,510,21,481,8,5,3,0,0
130,4,7,18,676,0,3,1,12,2,7,20,108,0,5,1,42,1,137,31,7,61,15,3,5,0,497,36,453,8,5,3,0,0
131,4,7,18,695,0,4,3,5,7,5,20,159,1,1,0,37,1,135,45,2,93,16,3,7,0,557,13,534,10,7,3,0,0
132,4,7,18,784,1,0,4,16,4,6,30,153,1,3,3,45,3,146,49,5,110,33,4,7,0,658,35,612,11,7,4,0,0
133,4,7,18,703,1,6,3,5,3,10,26,150,2,1,0,44,0,139,35,8,89,27,6,7,0,593,31,549,13,7,6,0,0
134,4,7,18,724,0,4,0,5,4,5,13,126,3,4,1,45,0,127,41,5,69,14,4,11,0,506,25,466,15,11,4,0,0
135,4,7,18,582,0,0,1,8,2,2,11,129,1,3,1,31,1,95,47,1,79,11,3,5,0,449,18,423,8,5,3,0,0
136,4,7,18,632,0,4,0,3,4,3,11,145,0,1,2,19,4,122,57,3,68,14,2,9,0,495,24,460,11,9,2,0,0
137,4,7,18,606,0,3,1,8,0,5,12,112,0,2,5,27,4,126,50,1,76,13,4,5,0,477,23,445,9,5,4,0,0
138,5,6,7,525,0,4,2,3,1,4,32,76,1,2,4,21,1,42,76,3,70,19,3,8,0,403,31,361,11,8,3,0,0
139,5,6,7,565,1,4,1,7,4,7,38,93,0,1,0,33,2,33,82,11,58,27,5,6,0,442,29,402,11,6,5,0,0
140,5,6,7,572,0,1,3,9,2,6,42,91,0,0,6,46,2,65,34,2,50,17,3,13,0,410,18,376,16,13,3,0,0
141,5,6,7,520,0,1,2,14,0,3,31,61,1,3,1,36,1,50,55,0,42,11,9,8,0,361,32,312,17,8,9,0,0
142,5,6,7,495,1,2,0,4,4,10,26,72,0,1,11,20,2,46,82,4,61,14,1,7,0,379,11,360,8,7,1,0,0
143,5,6,7,574,3,3,0,11,5,11,47,89,0,1,2,23,1,61,78,3,48,15,2,7,0,449,39,401,9,7,2,0,0
144,5,6,7,600,2,5,2,10,3,7,35,101,1,1,2,41,0,55,91,4,38,18,2,10,0,466,38,416,12,10,2,0,0
145,5,6,7,584,0,2,0,8,4,6,48,101,1,1,2,43,0,50,69,4,52,23,3,4,0,455,34,414,7,4,3,0,0
146,5,6,7,543,0,2,0,17,2,12,44,83,0,0,2,45,0,60,58,0,61,23,1,4,0,436,22,409,5,4,1,0,0
147,5,6,7,617,0,3,0,9,2,8,58,106,1,1,5,32,4,61,43,8,51,17,7,10,0,469,43,409,17,10,7,0,0
148,5,6,7,544,0,0,0,15,1,9,47,72,1,3,3,65,0,52,45,3,41,18,4,10,0,415,26,375,14,10,4,0,0
149,5,6,7,521,0,3,1,29,0,7,31,81,1,0,1,50,0,61,37,4,40,12,3,6,0,393,26,358,9,6,3,0,0
150,5,6,7,492,1,2,0,13,0,6,34,84,0,1,1,53,1,60,35,1,56,14,2,10,0,400,26,362,12,10,2,0,0
151,5,6,7,583,0,0,0,11,1,6,52,92,1,3,2,31,0,64,66,2,70,15,4,7,0,447,20,416,11,7,4,0,0
152,5,6,7,563,2,1,1,5,4,8,38,89,0,1,3,24,0,52,73,4,66,15,7,8,0,440,39,386,15,8,7,0,0
153,5,6,7,549,0,2,0,19,3,5,43,99,1,2,1,49,2,50,61,0,45,20,3,13,0,434,16,402,16,13,3,0,0
154,5,6,7,606,0,0,1,5,5,15,68,113,0,1,2,38,2,54,64,1,59,27,5,5,0,491,26,455,10,5,5,0,0
155,5,6,13,699,1,4,0,13,4,4,56,130,3,0,4,31,1,68,82,2,65,43,3,11,0,548,23,511,14,11,3,0,0
156,5,6,13,527,0,8,1,3,3,2,45,101,1,1,1,26,1,44,68,0,61,18,4,8,0,421,25,384,12,8,4,0,0
157,5,6,13,640,0,3,2,7,5,9,43,120,1,2,0,40,0,56,84,1,69,26,6,7,0,518,37,468,13,7,6,0,0
158,5,6,13,645,0,1,2,9,1,11,39,127,2,1,1,36,0,56,76,0,82,28,5,2,0,508,29,472,7,2,5,0,0
159,5,6,13,664,0,3,2,6,6,7,41,113,1,0,0,27,1,63,87,8,86,28,4,4,0,530,43,479,8,4,4,0,0
160,5,6,13,593,0,0,0,8,2,12,25,96,3,5,1,37,2,78,59,5,59,20,3,13,0,455,27,412,16,13,3,0,0
161,5,6,13,586,0,4,1,12,6,4,40,110,1,3,1,37,1,58,59,2,55,19,4,9,0,448,22,413,13,9,4,0,0
162,5,6,13,587,1,6,1,12,6,5,43,120,0,1,0,40,0,55,60,0,68,18,6,4,0,481,35,436,10,4,6,0,0
163,5,6,13,581,0,6,0,11,5,6,45,104,0,2,0,44,1,51,62,2,51,15,6,5,0,448,32,405,11,5,6,0,0
164,5,6,13,595,0,2,2,4,8,10,36,113,0,1,2,29,2,57,74,4,65,26,5,0,0,471,31,435,5,0,5,0,0
165,5,6,13,617,0,6,4,11,10,6,41,146,0,2,2,36,0,56,47,4,58,21,8,7,0,500,35,450,15,7,8,0,0
166,5,6,13,612,0,1,0,5,8,7,32,121,0,0,0,45,1,65,87,6,60,21,4,5,0,497,29,459,9,5,4,0,0
167,5,6,13,592,0,7,4,11,4,12,34,103,1,1,2,50,1,58,59,4,65,25,0,5,0,481,35,441,5,5,0,0,0
168,5,6,13,596,0,5,1,7,3,11,41,117,1,2,4,31,2,64,62,4,58,28,7,4,0,479,27,441,11,4,7,0,0
169,5,6,13,540,0,0,2,12,4,7,34,99,2,6,2,37,1,78,37,1,58,8,4,12,0,420,16,388,16,12,4,0,0
170,5,6,13,590,1,0,0,10,2,8,27,128,1,4,1,40,1,73,40,1,48,9,6,32,0,462,30,394,38,32,6,0,0
171,5,6,13,630,0,2,0,10,3,7,29,136,3,0,0,53,0,80,48,2,63,22,3,8,0,497,28,458,11,8,3,0,0
172,5,6,13,651,0,0,0,0,4,12,36,114,1,0,4,37,3,62,65,5,82,26,9,4,0,506,42,451,13,4,9,0,0
173,5,6,13,667,0,5,2,10,4,8,32,140,1,4,7,58,1,65,48,2,64,21,3,3,0,514,36,472,6,3,3,0,0
174,5,6,13,632,0,6,1,6,5,10,27,116,1,5,4,42,0,75,39,3,84,22,4,6,0,486,30,446,10,6,4,0,0
175,5,6,13,613,1,1,0,12,4,7,28,132,1,3,0,39,2,85,46,6,56,16,5,10,0,477,23,439,15,10,5,0,0
176,5,6,13,581,0,0,1,6,4,2,15,120,1,2,2,43,0,58,49,1,59,24,2,12,0,427,26,387,14,12,2,0,0
177,5,6,13,583,1,1,0,9,4,7,27,96,1,2,4,46,1,95,33,3,48,19,3,6,0,433,27,397,9,6,3,0,0
178,5,6,13,613,1,3,1,11,2,7,35,129,0,1,3,51,1,75,41,0,68,22,3,8,0,483,21,451,11,8,3,0,0
179,5,6,13,578,0,2,3,13,0,7,25,90,0,7,1,38,2,127,28,2,43,12,3,8,0,443,32,400,11,8,3,0,0
180,5,6,13,601,0,1,0,13,4,3,11,104,1,1,0,34,1,92,52,4,63,20,6,8,1,436,17,404,15,8,6,1,0
181,5,6,13,562,0,4,0,8,4,9,27,97,2,4,1,39,1,80,40,0,74,15,0,11,0,437,21,405,11,11,0,0,0
182,5,6,13,478,0,4,1,6,6,1,16,79,1,1,0,41,2,87,37,1,41,15,4,9,0,374,22,339,13,9,4,0,0
183,5,6,13,621,2,3,0,4,6,5,26,119,1,1,3,40,0,78,66,1,56,18,3,6,0,463,25,429,9,6,3,0,0
184,5,6,13,596,1,1,1,4,0,4,30,121,1,3,0,29,2,106,39,0,62,14,3,5,0,458,32,418,8,5,3,0,0
185,5,6,13,582,0,2,0,13,3,3,24,118,0,3,3,58,2,86,23,1,42,9,4,10,0,424,20,390,14,10,4,0,0
186,5,6,13,596,0,2,0,8,1,8,32,98,0,2,2,32,2,96,20,1,49,17,4,9,0,408,25,370,13,9,4,0,0
187,5,6,13,621,2,0,2,11,1,4,24,120,1,0,3,43,2,104,39,0,60,11,4,11,0,457,15,427,15,11,4,0,0
188,5,6,13,621,0,2,1,7,3,9,9,107,0,1,4,41,0,103,44,2,70,19,7,2,0,469,38,422,9,2,7,0,0
189,5,6,4,859,1,3,3,6,7,10,35,104,0,0,0,24,0,64,83,1,60,26,1,4,0,461,29,427,5,4,1,0,0
190,5,6,4,626,0,0,1,10,4,8,44,88,0,2,2,25,1,61,98,0,73,29,6,8,0,494,34,446,14,8,6,0,0
191,5,6,4,613,1,4,3,8,8,12,59,109,1,0,0,24,0,41,109,5,66,27,2,4,0,502,19,477,6,4,2,0,0
192,5,6,7,636,0,4,0,13,4,5,44,114,0,1,1,37,2,65,66,1,65,27,5,3,0,490,33,449,8,3,5,0,0
193,5,6,4,631,0,3,1,11,10,7,39,110,0,0,1,28,3,40,103,7,79,35,2,5,0,525,41,477,7,5,2,0,0
194,5,6,4,672,0,1,4,5,10,8,31,112,1,1,5,31,0,39,113,5,75,30,4,3,0,515,37,471,7,3,4,0,0
195,5,6,4,645,0,1,6,7,7,8,45,104,0,0,0,60,0,66,67,4,82,29,3,3,0,512,20,486,6,3,3,0,0
196,5,6,4,524,1,1,2,5,6,3,45,85,1,1,2,26,0,57,72,2,62,32,2,2,0,419,12,403,4,2,2,0,0
197,5,6,4,621,0,5,0,13,3,5,38,116,0,0,3,31,0,60,54,5,69,30,3,7,0,462,20,432,10,7,3,0,0
198,1,4,17,771,0,1,1,10,1,2,34,151,0,3,2,49,3,172,46,0,74,17,7,9,0,607,25,566,16,9,7,0,0
199,1,4,17,873,0,4,1,17,2,9,23,166,2,5,4,70,0,186,56,5,75,18,2,12,0,678,21,643,14,12,2,0,0
200,1,4,17,912,1,4,0,19,7,6,33,180,1,4,4,61,3,173,35,2,95,22,6,10,0,700,34,650,16,10,6,0,0
201,1,4,17,696,0,5,1,10,1,5,27,141,1,7,5,34,1,148,33,0,58,14,0,3,0,517,23,491,3,3,0,0,0
202,1,4,17,707,2,2,3,9,2,7,25,170,3,5,3,51,0,101,55,2,69,24,4,5,0,567,25,533,9,5,4,0,0
203,1,4,17,716,1,1,0,7,0,7,13,129,0,2,2,46,3,130,35,1,88,9,11,26,0,517,6,474,37,26,11,0,0
204,1,4,17,731,0,5,0,16,2,3,15,158,0,3,7,61,1,150,50,2,77,22,2,10,0,591,7,572,12,10,2,0,0
205,1,4,17,709,1,0,2,10,3,4,21,151,0,9,1,43,1,114,40,2,85,4,6,9,0,549,43,491,15,9,6,0,0
206,1,4,17,599,0,0,2,4,1,9,12,134,2,4,2,39,1,121,32,0,60,16,5,8,0,476,24,439,13,8,5,0,0
207,1,4,17,829,0,3,0,11,3,6,16,158,2,5,2,50,1,183,43,3,86,16,5,11,0,626,22,588,16,11,5,0,0
208,1,4,17,666,0,2,2,8,1,4,16,116,2,9,2,30,4,119,32,2,72,15,4,8,0,452,4,436,12,8,4,0,0
209,1,4,17,675,2,1,0,9,3,6,17,164,1,7,1,49,4,116,42,0,62,8,7,7,0,533,27,492,14,7,7,0,0
210,1,4,1,598,0,10,1,7,6,2,27,125,1,3,1,46,0,81,36,2,55,20,3,10,0,469,33,423,13,10,3,0,0
211,1,4,1,697,1,1,0,5,0,3,15,188,0,0,3,44,3,131,40,0,84,16,6,7,0,567,20,534,13,7,6,0,0
212,1,4,1,905,0,6,1,6,5,3,34,199,0,5,5,48,3,168,53,1,105,22,7,9,0,715,35,664,16,9,7,0,0
213,1,4,1,691,0,1,1,18,3,6,23,160,1,8,1,48,2,128,37,5,73,16,6,6,0,551,8,531,12,6,6,0,0
214,1,4,1,631,1,3,0,16,2,4,18,165,0,5,3,62,0,92,38,1,57,19,2,5,0,519,26,486,7,5,2,0,0
215,1,4,1,543,1,1,0,10,5,9,13,88,1,3,0,28,2,101,33,0,49,9,4,12,0,390,21,353,16,12,4,0,0
216,1,4,1,612,2,2,1,13,2,4,17,145,2,6,4,39,0,85,42,1,67,20,2,7,0,464,3,452,9,7,2,0,0
217,1,4,1,711,0,3,2,10,1,6,19,156,0,3,3,34,3,141,44,2,76,15,4,11,0,560,27,518,15,11,4,0,0
218,1,4,1,660,2,2,1,8,2,3,15,127,5,6,1,60,3,136,37,3,52,12,2,7,0,492,8,475,9,7,2,0,0
219,1,4,1,722,0,4,1,6,0,6,31,199,3,6,2,80,1,103,37,2,64,11,9,8,0,589,16,556,17,8,9,0,0
220,1,4,1,693,0,7,0,9,13,8,21,211,1,3,3,48,1,88,47,2,60,16,8,7,0,579,26,538,15,7,8,0,0
221,1,4,1,541,1,1,0,6,1,3,11,133,0,2,1,27,1,85,34,0,60,5,6,12,0,409,20,371,18,12,6,0,0
222,1,4,1,735,0,2,1,8,0,8,18,184,2,8,3,38,2,130,38,3,62,23,4,7,0,564,23,530,11,7,4,0,0
223,1,4,1,587,1,2,1,9,3,3,7,172,3,3,1,38,0,89,32,1,56,13,5,6,0,460,15,434,11,6,5,0,0
224,1,4,1,650,1,2,0,8,2,12,8,148,1,1,3,36,2,116,33,2,63,15,6,10,0,472,3,453,16,10,6,0,0
225,1,4,1,611,0,2,0,3,1,4,17,149,1,4,3,43,2,98,38,2,65,10,4,8,0,478,24,442,12,8,4,0,0
226,1,4,1,545,0,2,0,7,0,7,8,118,1,2,1,18,1,99,28,0,58,6,6,13,0,384,9,356,19,13,6,0,0
227,1,4,1,524,0,0,0,10,4,1,9,128,0,2,1,26,6,68,26,1,59,8,2,7,0,379,21,349,9,7,2,0,0
228,1,4,1,595,1,3,0,3,0,7,4,122,2,5,0,34,2,101,25,2,57,4,7,12,0,407,16,372,19,12,7,0,0
229,1,4,1,579,0,2,1,6,4,4,15,170,2,5,2,49,0,72,37,1,57,15,1,3,0,459,13,442,4,3,1,0,0
230,1,4,1,747,2,3,0,4,6,10,14,146,0,6,3,30,3,135,37,1,90,11,7,14,0,550,28,501,21,14,7,0,0
231,1,4,1,505,1,4,0,4,0,1,4,88,0,2,0,22,1,110,21,1,53,7,8,8,0,344,9,319,16,8,8,0,0
232,1,4,1,619,0,3,1,8,5,6,8,150,2,5,1,41,2,142,24,1,48,5,5,2,0,464,5,452,7,2,5,0,0
233,1,1,3,683,1,1,1,3,2,2,11,137,1,3,0,43,3,140,42,4,79,10,6,6,0,512,17,483,12,6,6,0,0
234,1,1,3,648,0,5,1,4,3,1,14,166,0,3,2,42,2,126,53,3,82,18,5,9,0,557,18,525,14,9,5,0,0
235,1,1,3,577,0,1,2,1,2,6,12,172,1,4,1,35,1,95,30,1,49,12,3,5,0,449,16,425,8,5,3,0,0
236,1,1,3,584,1,2,1,2,1,4,7,171,1,8,1,40,1,92,25,1,69,13,3,5,0,463,15,440,8,5,3,0,0
237,1,1,3,918,0,0,1,13,1,6,27,240,1,6,4,74,3,208,44,1,82,15,5,11,0,767,25,726,16,11,5,0,0
238,1,1,3,679,1,2,1,5,6,6,12,155,4,2,3,31,4,113,41,3,63,16,3,8,0,506,27,468,11,8,3,0,0
239,1,1,3,574,3,4,0,3,3,2,15,145,3,4,3,28,3,105,28,3,58,11,3,4,0,452,24,421,7,4,3,0,0
240,1,1,3,863,1,6,0,10,1,4,31,156,3,4,1,52,3,197,38,5,87,16,6,11,0,664,32,615,17,11,6,0,0
241,1,1,3,669,0,3,0,11,3,4,13,165,2,3,2,36,2,108,31,3,68,12,5,2,0,495,22,466,7,2,5,0,0
242,1,1,3,665,2,2,0,6,4,4,15,145,0,5,2,40,0,121,31,4,78,22,6,16,0,527,24,481,22,16,6,0,0
243,1,1,3,606,0,0,0,7,2,5,13,120,1,7,2,22,1,114,27,0,61,7,7,9,0,427,22,389,16,9,7,0,0
244,1,1,3,629,0,0,1,9,4,1,10,145,0,5,3,30,1,137,31,2,73,15,3,11,0,503,22,467,14,11,3,0,0
245,1,1,3,673,1,0,2,5,4,4,13,137,1,5,1,34,2,158,33,0,79,9,6,11,0,522,17,488,17,11,6,0,0
246,1,1,3,642,3,1,0,7,3,3,15,153,1,7,2,31,1,113,50,0,56,9,8,6,0,481,12,455,14,6,8,0,0
247,1,1,3,784,0,2,0,6,6,6,15,136,1,1,2,42,0,157,53,2,115,20,6,10,0,607,27,564,16,10,6,0,0
248,1,1,3,596,2,0,0,5,0,7,10,143,3,6,2,37,1,108,24,0,68,15,4,6,0,456,15,431,10,6,4,0,0
249,1,1,3,632,0,2,0,4,3,5,13,169,2,9,1,24,1,113,36,1,71,3,2,15,0,491,17,457,17,15,2,0,0
250,1,1,3,630,3,4,0,1,1,7,14,150,2,0,2,33,0,106,30,1,68,17,3,6,0,465,17,439,9,6,3,0,0
251,1,1,3,653,0,1,2,8,2,8,18,205,3,6,0,27,1,91,32,3,43,10,5,3,0,495,27,460,8,3,5,0,0
252,1,1,3,581,0,2,0,4,0,4,15,182,1,4,2,40,0,83,21,0,69,16,4,6,0,464,11,443,10,6,4,0,0
253,1,1,3,597,0,2,0,2,5,6,16,169,0,5,2,41,1,87,31,4,49,7,9,5,0,451,10,427,14,5,9,0,0
254,1,1,3,589,0,5,2,7,1,3,17,183,2,2,1,49,1,94,22,0,54,7,6,6,0,472,10,450,12,6,6,0,0
255,1,1,3,674,1,1,2,5,4,4,14,138,1,10,1,27,2,141,41,1,66,5,1,9,0,501,27,464,10,9,1,0,0
256,1,1,3,689,0,2,0,13,1,1,10,99,0,1,9,32,3,165,48,0,84,18,5,8,0,509,10,486,13,8,5,0,0
257,1,1,3,674,1,0,0,8,0,2,22,130,2,6,2,29,1,127,35,2,92,14,6,7,0,494,8,473,13,7,6,0,0
258,1,1,3,717,2,12,3,7,2,2,18,150,3,5,4,43,1,100,50,3,67,24,2,5,0,520,17,496,7,5,2,0,0
259,1,1,3,744,1,2,0,4,3,6,17,158,0,6,1,40,0,126,49,3,78,14,4,8,0,543,23,508,12,8,4,0,0
260,2,2,2,498,0,1,0,11,1,5,13,91,0,2,1,39,0,91,23,2,37,13,5,9,0,358,14,330,14,9,5,0,0
261,2,2,2,507,0,0,1,18,3,1,14,82,1,2,2,34,0,74,28,0,53,3,2,11,0,352,23,316,13,11,2,0,0
262,2,2,2,646,0,1,0,27,3,7,20,113,0,0,1,47,2,93,51,0,74,9,2,5,0,479,24,448,7,5,2,0,0
263,2,2,2,721,0,2,1,35,5,3,29,109,1,2,4,45,0,88,38,2,59,21,4,12,0,501,41,444,16,12,4,0,0
264,2,2,2,769,0,2,2,20,1,9,19,124,2,4,3,58,1,148,42,1,78,16,7,14,0,588,37,530,21,14,7,0,0
265,2,2,2,668,1,2,1,7,2,3,9,80,1,0,1,25,3,92,46,0,67,8,6,10,0,382,18,348,16,10,6,0,0
266,2,2,2,546,0,0,0,13,2,6,15,80,0,4,1,24,1,66,35,0,46,7,2,3,0,319,14,300,5,3,2,0,0
267,2,2,2,490,0,1,1,19,1,4,14,84,1,1,4,45,0,54,29,2,69,13,3,3,0,353,5,342,6,3,3,0,0
268,2,2,2,661,1,2,0,25,4,5,32,133,3,7,1,42,2,103,27,0,53,19,2,8,0,504,35,459,10,8,2,0,0
269,2,2,2,709,0,3,0,22,4,4,21,112,0,4,5,63,1,101,51,3,61,10,2,10,0,502,25,465,12,10,2,0,0
270,2,2,2,683,2,4,1,10,3,7,18,134,5,7,3,37,3,144,34,0,71,10,2,10,0,541,36,493,12,10,2,0,0
271,2,2,2,644,1,6,2,26,0,2,15,86,0,1,0,62,4,99,28,3,70,12,6,8,0,455,24,417,14,8,6,0,0
272,2,2,2,594,0,0,0,29,3,8,22,95,1,1,3,50,2,75,43,1,65,11,6,15,0,455,25,409,21,15,6,0,0
273,2,2,2,684,0,3,1,31,2,7,32,107,1,3,1,46,1,125,36,0,66,8,3,7,0,504,24,470,10,7,3,0,0
274,2,2,2,675,0,3,0,23,3,6,23,140,2,3,6,70,1,116,33,3,51,10,3,3,0,507,8,493,6,3,3,0,0
275,2,2,2,630,3,1,1,2,0,4,20,139,0,3,2,35,0,89,49,3,53,8,6,8,0,471,45,412,14,8,6,0,0
276,2,2,2,603,1,4,0,20,1,10,20,114,3,1,1,49,3,90,24,1,62,12,3,6,0,451,26,416,9,6,3,0,0
277,2,2,2,656,0,5,1,29,3,14,27,109,0,3,1,54,2,91,50,2,73,25,3,4,0,500,4,489,7,4,3,0,0
278,2,2,2,632,0,0,2,24,3,6,24,103,0,3,1,44,0,129,22,1,38,6,1,9,0,439,23,406,10,9,1,0,0
279,2,2,2,554,0,2,0,18,1,3,11,117,1,5,2,29,2,106,11,0,39,9,3,4,0,393,30,356,7,4,3,0,0
280,2,2,2,574,1,1,0,22,2,3,15,87,1,1,2,35,3,104,28,1,58,2,2,4,0,409,37,366,6,4,2,0,0
281,2,2,2,525,0,3,0,24,1,5,24,81,2,3,3,38,1,83,39,0,52,7,5,12,0,414,31,366,17,12,5,0,0
282,2,2,2,518,0,3,0,15,1,3,12,94,2,1,4,35,1,97,37,1,38,8,1,3,0,373,17,352,4,3,1,0,0
283,2,2,2,552,0,3,0,11,3,4,15,119,1,5,1,46,2,84,20,3,58,12,1,9,0,422,25,387,10,9,1,0,0
284,2,2,2,547,0,0,1,14,2,6,11,105,4,5,1,52,3,83,27,2,54,15,5,2,0,419,27,385,7,2,5,0,0
285,2,2,2,650,1,0,0,13,0,3,21,103,2,6,3,44,1,138,32,2,73,11,4,11,0,493,25,453,15,11,4,0,0
286,2,2,2,623,0,0,3,23,0,5,14,95,3,6,1,40,2,130,18,0,61,15,1,11,0,447,19,416,12,11,1,0,0
287,2,2,2,561,1,4,0,15,1,4,20,114,1,3,1,41,2,85,20,1,60,4,6,6,0,412,23,377,12,6,6,0,0
288,2,2,2,600,1,2,0,17,3,3,15,110,1,9,1,37,0,100,30,0,62,3,1,9,0,447,43,394,10,9,1,0,0
289,2,2,2,622,2,2,0,18,2,6,19,120,1,4,3,57,0,110,29,0,48,12,3,16,0,485,33,433,19,16,3,0,0
290,2,2,2,616,1,0,1,7,3,8,22,130,2,5,0,46,1,87,36,0,72,14,4,5,0,464,20,435,9,5,4,0,0
291,2,2,2,579,2,1,1,13,1,2,7,94,0,3,5,33,1,113,21,1,55,16,3,7,0,394,15,369,10,7,3,0,0
292,2,2,2,565,0,1,0,9,3,3,25,111,1,5,0,37,1,117,19,0,40,7,3,7,0,407,18,379,10,7,3,0,0
293,2,2,2,589,1,2,0,10,2,1,21,129,0,4,0,34,1,108,29,2,55,11,8,7,0,442,17,410,15,7,8,0,0
294,2,2,2,569,1,3,0,8,1,0,8,124,1,5,3,38,2,98,29,1,79,14,3,3,0,426,5,415,6,3,3,0,0
295,2,2,2,544,0,2,0,8,1,1,11,103,0,4,2,16,4,104,25,0,40,9,6,4,2,361,19,330,12,4,6,2,0
296,2,2,5,825,2,5,0,12,3,10,17,195,4,5,4,72,2,136,34,1,75,17,10,9,0,665,52,594,19,9,10,0,0
297,2,2,5,664,0,0,1,9,2,5,24,183,4,4,0,46,0,129,31,6,49,6,11,9,0,544,25,499,20,9,11,0,0
298,2,2,5,734,1,5,1,6,1,1,12,169,1,8,2,47,1,154,35,7,75,12,4,11,0,573,20,538,15,11,4,0,0
299,2,2,5,695,0,2,1,13,4,2,21,171,1,5,1,38,3,156,34,1,80,13,4,11,0,586,25,546,15,11,4,0,0
300,2,2,5,539,0,1,1,5,2,8,15,130,0,3,1,41,1,106,32,0,69,11,1,6,0,456,23,426,7,6,1,0,0
301,2,2,5,811,1,2,1,18,1,6,19,171,3,3,1,50,2,144,35,4,105,11,8,8,0,622,29,577,16,8,8,0,0
302,2,2,5,626,0,0,0,10,1,3,11,125,0,4,1,38,2,151,27,5,48,16,2,9,0,472,19,442,11,9,2,0,0
303,2,2,5,612,1,2,0,9,3,4,10,130,0,1,2,62,2,119,43,1,57,20,3,8,0,480,3,466,11,8,3,0,0
304,2,2,5,676,1,2,0,8,0,5,14,120,1,2,2,31,2,121,58,0,76,11,8,5,0,488,21,454,13,5,8,0,0
305,2,2,5,605,0,2,0,8,0,5,15,113,0,5,1,29,1,131,25,1,60,8,10,8,0,446,24,404,18,8,10,0,0
306,2,2,5,645,0,0,1,5,4,2,15,201,0,3,1,48,4,100,18,1,52,10,3,6,0,491,17,465,9,6,3,0,0
307,2,2,5,640,2,0,0,3,4,3,12,156,1,8,1,56,0,123,37,0,53,17,7,9,0,510,18,476,16,9,7,0,0
308,2,2,5,628,1,0,0,5,2,6,15,177,0,4,1,39,0,108,19,0,54,11,6,6,0,468,14,442,12,6,6,0,0
309,2,2,5,564,0,1,1,7,5,1,11,189,1,5,2,41,0,91,33,2,47,6,7,7,0,471,14,443,14,7,7,0,0
310,2,2,5,594,0,6,0,6,3,2,17,91,1,1,1,44,3,98,36,6,57,15,5,6,0,425,27,387,11,6,5,0,0
311,2,2,5,580,0,0,2,11,4,4,16,175,0,5,1,50,0,95,28,0,42,9,0,7,0,465,16,442,7,7,0,0,0
312,2,2,5,537,0,4,0,1,1,7,9,125,2,9,1,29,1,90,22,0,55,9,2,6,0,390,17,365,8,6,2,0,0
313,2,2,5,627,0,0,0,4,1,5,15,197,1,4,0,43,3,83,30,3,69,12,4,11,0,507,22,470,15,11,4,0,0
314,2,2,5,614,0,1,0,4,2,8,17,197,1,3,2,40,0,91,42,2,53,16,8,6,0,510,17,479,14,6,8,0,0
315,2,2,9,748,0,1,1,14,2,13,26,149,4,2,2,49,0,154,26,1,89,19,7,10,0,598,29,552,17,10,7,0,0
316,2,2,9,768,2,1,0,10,4,4,21,130,0,5,2,47,1,141,48,1,68,10,5,8,0,552,44,495,13,8,5,0,0
317,2,2,9,626,0,5,2,4,2,9,13,150,1,4,1,22,0,95,37,4,52,11,7,7,0,450,24,412,14,7,7,0,0
318,2,2,9,595,4,0,0,9,2,2,15,104,0,12,0,27,3,104,30,0,63,9,7,0,0,420,29,384,7,0,7,0,0
319,2,2,9,641,1,1,0,13,5,3,22,165,1,6,1,56,5,101,24,0,57,10,8,4,0,497,14,471,12,4,8,0,0
320,2,2,9,549,1,0,4,4,3,10,18,141,1,1,1,35,1,70,46,2,58,10,3,7,0,440,24,406,10,7,3,0,0
321,2,2,9,670,1,2,1,11,4,3,14,125,2,3,2,39,1,125,30,1,61,13,10,9,0,483,26,438,19,9,10,0,0
322,2,2,9,586,1,0,1,4,1,0,7,110,0,2,0,39,2,122,27,3,60,11,4,7,0,406,5,390,11,7,4,0,0
323,2,2,9,510,2,0,0,5,5,3,6,143,1,4,1,46,3,83,35,0,39,10,2,6,0,397,3,386,8,6,2,0,0
324,2,2,9,563,1,3,0,11,2,4,17,147,1,2,2,24,2,86,33,0,64,12,2,6,0,444,25,411,8,6,2,0,0
325,2,2,9,616,1,4,1,10,3,4,15,102,1,3,5,39,1,110,30,3,71,10,1,10,6,448,18,413,17,10,1,6,0
326,2,2,9,559,1,3,0,9,5,0,4,88,0,4,3,31,0,132,31,1,52,13,4,7,0,407,19,377,11,7,4,0,0
327,2,2,9,654,0,1,0,6,8,2,17,144,1,2,0,45,2,137,41,1,64,12,4,5,0,504,12,483,9,5,4,0,0
328,2,2,9,620,0,0,0,6,3,2,15,114,2,7,6,29,0,134,27,0,80,13,5,15,0,475,17,438,20,15,5,0,0
329,2,2,9,721,1,2,0,6,2,7,21,136,1,3,3,43,3,132,37,1,81,12,1,18,0,550,40,491,19,18,1,0,0
330,2,2,9,638,1,2,0,11,3,2,21,143,0,3,4,43,3,155,37,1,74,7,5,11,0,530,4,510,16,11,5,0,0
331,4,5,15,563,1,2,0,20,1,4,17,94,1,3,1,26,1,97,32,7,45,7,1,10,0,397,27,359,11,10,1,0,0
332,4,5,15,666,3,4,1,14,2,4,24,104,2,2,3,45,3,106,50,0,58,11,0,12,0,467,19,436,12,12,0,0,0
333,4,5,15,577,2,2,1,7,2,4,14,93,0,4,1,23,1,87,41,3,53,6,2,11,0,359,2,344,13,11,2,0,0
334,4,5,15,629,0,1,0,5,2,1,21,132,2,5,0,34,3,81,20,0,50,12,1,5,0,398,23,369,6,5,1,0,0
335,4,5,15,586,1,1,0,13,3,6,23,115,2,7,2,38,2,87,25,2,57,8,0,9,0,435,34,392,9,9,0,0,0
336,4,5,15,600,1,9,1,7,5,3,18,144,1,4,2,52,1,74,37,6,73,5,9,5,0,500,43,443,14,5,9,0,0
337,4,5,15,601,0,4,1,17,3,10,15,126,1,5,1,45,1,113,30,2,54,5,0,2,0,461,26,433,2,2,0,0,0
338,4,5,15,716,0,5,0,19,146,0,0,0,0,1,7,44,2,134,47,1,61,12,0,11,0,519,29,479,11,11,0,0,0
339,4,5,15,557,1,1,0,9,3,4,20,111,2,1,1,44,1,108,29,2,59,14,2,4,0,420,4,410,6,4,2,0,0
340,4,5,15,523,1,2,0,10,2,5,12,85,0,5,4,43,2,85,15,1,52,6,4,14,0,364,16,330,18,14,4,0,0
341,4,5,15,526,3,2,1,7,1,4,14,87,2,2,2,32,1,69,23,2,51,8,5,8,0,339,15,311,13,8,5,0,0
342,4,5,15,516,0,6,2,8,0,4,7,101,2,4,5,35,2,91,29,1,61,9,2,2,0,374,3,367,4,2,2,0,0
343,4,5,15,543,1,5,1,15,5,3,14,110,0,3,0,28,1,100,28,1,36,8,7,12,0,403,25,359,19,12,7,0,0
344,4,5,15,594,1,0,0,15,2,1,14,109,2,4,2,47,1,112,39,1,48,11,3,7,0,445,26,409,10,7,3,0,0
345,4,5,15,595,1,5,0,8,1,4,13,110,2,9,3,45,1,111,37,3,60,13,6,10,0,446,4,426,16,10,6,0,0
346,4,5,15,765,0,5,1,11,1,8,29,151,0,4,2,50,2,137,64,1,82,30,5,6,0,616,27,578,11,6,5,0,0
347,4,5,15,586,0,2,1,9,2,3,17,131,1,1,1,47,3,85,34,1,62,8,4,6,0,443,25,408,10,6,4,0,0
348,4,5,15,663,0,0,2,11,3,3,23,130,2,2,3,46,1,117,29,2,64,12,6,9,0,489,24,450,15,9,6,0,0
349,4,5,15,523,0,4,0,15,1,2,7,75,1,5,2,35,2,87,31,1,43,5,4,7,0,342,15,316,11,7,4,0,0
350,4,5,15,545,1,3,0,15,2,5,15,112,3,4,2,58,0,87,14,2,56,6,2,6,0,408,15,385,8,6,2,0,0
351,4,5,15,635,0,3,0,12,0,5,15,157,4,3,2,47,0,122,32,3,39,15,3,7,0,486,17,459,10,7,3,0,0
352,4,5,15,616,1,0,0,16,1,3,19,122,0,8,3,42,1,108,35,0,54,13,3,10,0,458,19,426,13,10,3,0,0
353,4,5,15,580,0,4,0,18,3,3,12,138,1,5,2,50,4,96,21,2,55,11,8,5,0,451,13,425,13,5,8,0,0
354,4,5,15,588,0,5,1,8,6,6,13,145,1,2,1,29,0,111,37,1,67,12,2,4,0,475,24,445,6,4,2,0,0
355,4,5,15,569,1,2,0,10,5,11,10,134,1,2,3,38,1,77,37,2,53,19,9,7,0,445,23,406,16,7,9,0,0
356,4,5,15,531,0,2,0,3,1,7,8,101,1,2,0,26,2,81,31,3,57,8,5,8,0,355,9,333,13,8,5,0,0
357,4,5,15,596,1,1,5,9,4,2,10,131,1,2,3,47,1,115,35,1,68,13,3,7,0,476,17,449,10,7,3,0,0
358,4,5,15,540,0,1,0,9,0,6,13,99,2,1,3,10,4,79,30,0,49,11,7,16,0,351,11,317,23,16,7,0,0
359,4,5,15,513,4,0,1,7,0,3,9,97,1,5,3,16,3,75,29,0,62,10,4,5,0,341,7,325,9,5,4,0,0
360,4,5,15,505,2,0,0,1,1,0,6,78,0,5,1,18,5,92,23,3,62,2,7,6,0,317,5,299,13,6,7,0,0
361,4,5,15,555,0,4,1,1,4,0,14,177,1,2,2,52,2,86,27,0,50,8,5,9,0,459,14,431,14,9,5,0,0
362,4,5,15,568,0,0,0,13,1,3,10,122,0,5,2,39,0,112,20,0,61,5,5,17,0,431,16,393,22,17,5,0,0
363,4,5,15,525,0,0,0,1,0,1,4,82,0,4,4,23,1,82,35,4,64,9,5,10,0,336,7,314,15,10,5,0,0
364,4,5,15,537,1,0,1,7,0,0,2,136,1,5,4,18,1,91,31,0,49,4,3,6,0,375,15,351,9,6,3,0,0
365,4,5,15,563,0,2,1,3,0,6,8,134,3,7,0,37,0,130,18,0,52,11,3,6,0,433,12,412,9,6,3,0,0
366,4,5,15,718,1,0,1,10,33,7,3,126,0,5,1,28,0,127,61,2,112,17,3,6,0,559,16,534,9,6,3,0,0
367,6,9,12,586,0,3,0,1,5,5,25,145,0,4,0,36,2,68,36,1,61,14,6,12,0,452,28,406,18,12,6,0,0
368,6,9,12,697,0,3,0,8,2,15,26,157,1,8,1,60,0,150,42,1,66,12,6,7,0,575,10,552,13,7,6,0,0
369,6,9,12,661,0,3,2,8,9,6,26,184,0,0,0,83,1,85,35,6,52,10,9,9,0,534,6,510,18,9,9,0,0
370,6,9,12,660,0,1,2,4,5,9,15,217,1,5,1,31,1,73,43,2,66,19,4,5,0,526,22,495,9,5,4,0,0
371,6,9,12,621,1,1,2,6,4,12,25,163,2,3,3,43,1,84,38,2,62,9,7,2,0,492,22,461,9,2,7,0,0
372,6,9,12,619,0,0,1,5,4,7,26,94,0,3,4,47,1,92,65,3,72,22,2,5,0,476,23,446,7,5,2,0,0
373,6,9,12,590,1,2,1,8,4,5,26,97,2,3,1,36,2,92,28,0,57,25,2,20,0,433,21,390,22,20,2,0,0
374,6,9,12,743,0,6,1,8,4,6,16,103,3,5,1,46,0,149,40,0,78,15,4,8,0,540,47,481,12,8,4,0,0
375,6,9,12,642,1,3,0,16,3,1,19,97,2,9,1,32,2,118,48,2,61,14,5,6,0,466,26,429,11,6,5,0,0
376,6,9,12,575,0,2,0,8,6,3,9,91,0,4,2,36,2,106,23,1,58,20,7,4,0,403,21,371,11,4,7,0,0
377,6,9,12,625,1,1,0,14,2,6,15,126,2,5,1,34,1,119,30,1,64,9,7,7,0,474,29,431,14,7,7,0,0
378,6,9,12,580,0,5,0,14,3,8,14,107,3,3,3,31,3,79,29,5,52,16,3,5,0,431,48,375,8,5,3,0,0
379,6,9,12,592,1,2,1,4,3,5,13,157,1,5,2,43,1,92,28,1,54,13,0,11,0,459,22,426,11,11,0,0,0
380,6,9,12,563,0,4,1,6,4,1,17,111,2,5,1,31,1,97,34,2,49,7,2,6,0,403,22,373,8,6,2,0,0
381,6,9,12,518,2,2,0,5,1,3,6,84,0,2,3,14,3,85,32,0,73,8,1,6,0,344,14,323,7,6,1,0,0
382,6,9,12,590,1,3,0,9,3,1,12,127,0,9,4,33,1,107,26,1,71,20,4,5,0,459,22,428,9,5,4,0,0
383,6,9,12,543,0,3,0,5,2,1,18,112,1,6,2,35,2,93,28,2,44,11,4,6,0,393,18,365,10,6,4,0,0
384,6,9,12,779,1,1,0,14,7,7,29,229,0,4,1,57,1,105,41,5,70,11,7,9,0,631,32,583,16,9,7,0,0
385,6,9,12,555,1,3,3,4,1,6,19,163,0,0,0,39,0,74,36,6,48,15,2,8,0,447,19,418,10,8,2,0,0
386,6,9,12,641,1,8,1,10,2,5,14,143,1,2,3,45,1,114,35,1,57,16,2,8,0,489,20,459,10,8,2,0,0
387,6,9,12,551,2,2,1,6,2,13,25,163,1,0,3,30,0,85,33,2,44,25,3,8,0,458,10,437,11,8,3,0,0
388,6,9,12,578,0,1,1,19,2,8,14,131,1,1,1,34,4,100,32,0,51,15,1,7,0,443,20,415,8,7,1,0,0
389,6,9,12,589,0,3,2,7,3,3,10,135,0,4,1,38,1,75,35,0,67,16,2,9,0,425,14,400,11,9,2,0,0
390,6,9,12,611,0,2,1,4,2,1,15,129,2,3,2,40,1,121,30,6,47,14,3,9,0,455,23,420,12,9,3,0,0
391,6,9,12,612,0,3,0,11,1,5,15,138,2,5,2,40,0,105,41,0,50,17,3,11,0,463,14,435,14,11,3,0,0
392,6,9,12,544,0,3,0,7,1,3,17,119,2,2,1,30,2,82,39,1,46,12,2,5,0,387,13,367,7,5,2,0,0
393,6,9,12,632,0,3,1,2,1,1,10,112,0,10,0,30,2,108,35,0,66,8,3,5,0,419,22,389,8,5,3,0,0
394,6,9,12,621,0,2,3,9,7,7,20,175,1,3,1,44,0,73,47,2,76,21,7,2,0,516,16,491,9,2,7,0,0
395,6,9,12,589,0,0,0,8,0,6,20,149,3,5,3,41,1,108,29,2,58,6,3,4,0,459,13,439,7,4,3,0,0
396,6,9,12,620,1,4,1,9,5,5,18,146,1,1,0,47,0,102,32,0,71,11,8,4,0,485,19,454,12,4,8,0,0
397,6,9,12,598,2,3,1,9,1,0,11,124,1,2,0,36,2,107,26,2,55,13,6,15,0,435,19,395,21,15,6,0,0
398,6,9,12,617,0,1,0,8,2,6,16,132,0,5,1,37,2,94,38,0,75,25,5,26,0,486,13,442,31,26,5,0,0
399,6,9,12,615,0,3,1,9,1,4,14,168,0,2,1,42,1,81,33,2,64,10,10,8,0,477,23,436,18,8,10,0,0
400,6,9,12,605,0,0,5,10,1,5,13,122,2,3,1,34,5,130,21,0,59,11,5,9,0,461,25,422,14,9,5,0,0
401,6,9,12,618,2,1,0,5,6,8,15,158,0,5,4,39,1,128,40,1,56,12,3,4,0,503,15,481,7,4,3,0,0
402,6,9,12,579,2,3,0,10,0,5,14,136,2,3,5,42,1,104,24,1,57,4,2,8,0,435,12,413,10,8,2,0,0
403,6,9,12,573,0,1,2,6,2,2,11,118,1,2,0,42,3,111,31,0,56,10,3,4,0,437,32,398,7,4,3,0,0
404,6,9,12,695,1,0,0,9,10,8,19,175,0,1,0,36,1,103,51,0,69,19,5,10,0,542,25,502,15,10,5,0,0
405,6,9,12,634,0,7,1,6,5,1,24,117,0,7,2,26,2,107,51,0,72,12,4,11,0,475,20,440,15,11,4,0,0
406,6,9,12,558,0,3,0,6,2,4,6,162,0,3,3,41,2,90,28,0,52,14,5,4,0,444,19,416,9,4,5,0,0
407,6,9,12,569,0,1,0,8,0,5,24,160,0,4,0,62,1,108,27,0,31,12,5,7,0,473,18,443,12,7,5,0,0
408,6,9,12,599,2,2,1,6,3,6,17,138,2,3,2,33,3,103,45,1,54,15,2,7,0,466,21,436,9,7,2,0,0
409,6,9,12,688,0,4,2,3,3,11,19,203,2,7,4,57,0,123,33,0,57,15,8,5,0,574,18,543,13,5,8,0,0
410,6,9,12,598,0,3,0,6,3,5,28,158,1,3,1,42,1,86,43,4,59,12,4,11,0,488,18,455,15,11,4,0,0
411,6,9,12,385,1,2,2,6,3,3,5,69,3,5,1,10,1,38,34,0,19,5,7,8,0,230,8,207,15,8,7,0,0
412,6,9,16,662,0,3,2,1,5,7,47,136,2,3,0,38,2,92,60,3,74,24,2,3,0,526,22,499,5,3,2,0,0
413,6,9,16,588,0,3,2,11,1,3,17,115,2,8,1,31,1,133,37,1,52,23,1,5,0,472,25,441,6,5,1,0,0
414,6,9,16,600,1,1,1,10,1,7,27,110,1,4,2,37,1,119,42,0,53,16,1,4,0,453,15,433,5,4,1,0,0
415,6,9,16,686,0,1,1,11,10,6,21,148,0,1,2,40,2,115,57,2,83,16,3,11,0,552,22,516,14,11,3,0,0
416,6,9,16,600,0,4,1,8,4,15,25,121,0,2,2,38,2,89,57,2,48,11,4,5,0,458,20,429,9,5,4,0,0
417,6,9,16,646,1,6,1,7,4,9,20,139,0,2,0,53,1,93,53,0,75,25,2,7,1,525,26,489,10,7,2,1,0
418,6,9,16,629,1,5,1,7,3,9,18,135,3,1,1,60,0,107,51,1,54,13,6,5,0,519,38,470,11,5,6,0,0
419,6,9,16,590,0,1,3,9,1,9,15,97,1,1,4,38,0,98,34,1,65,15,6,11,0,433,24,392,17,11,6,0,0
420,6,9,16,639,1,1,2,8,6,7,30,120,1,4,3,44,1,107,32,1,70,16,5,9,0,500,32,454,14,9,5,0,0
421,6,9,16,605,0,2,0,4,4,5,20,131,0,2,3,32,2,120,32,3,73,10,6,7,0,480,24,443,13,7,6,0,0
422,6,9,16,569,0,3,1,9,8,8,37,125,0,1,0,38,0,74,57,2,60,18,6,12,0,481,22,441,18,12,6,0,0
423,6,9,16,642,0,6,0,5,3,5,37,109,0,1,3,31,3,100,58,3,73,25,7,6,0,512,37,462,13,6,7,0,0
424,6,9,16,555,0,1,0,1,1,2,12,134,1,1,1,37,0,94,27,1,52,8,8,3,0,404,20,373,11,3,8,0,0
425,6,9,16,633,1,0,0,12,6,3,23,160,1,6,0,52,4,106,35,0,57,15,6,4,0,507,16,481,10,4,6,0,0
426,6,9,16,544,2,3,0,11,2,0,8,65,2,9,1,26,1,126,27,0,36,3,6,16,0,363,19,322,22,16,6,0,0
427,6,9,16,538,1,1,0,6,0,1,8,99,2,6,3,16,1,86,30,0,63,8,5,11,0,360,13,331,16,11,5,0,0
428,6,9,16,672,1,1,0,13,3,5,13,143,2,4,0,45,1,106,44,5,87,9,6,4,0,514,22,482,10,4,6,0,0
429,6,9,16,584,0,1,1,12,10,2,19,120,2,0,1,52,0,73,32,2,57,13,0,5,0,422,20,397,5,5,0,0,0
430,6,9,16,601,0,2,1,13,2,1,23,194,0,0,0,49,0,88,35,0,63,15,6,4,0,528,32,486,10,4,6,0,0
431,6,9,16,575,1,4,0,3,2,9,25,104,0,5,5,34,1,77,44,5,68,28,2,4,0,445,24,415,6,4,2,0,0
432,6,9,16,540,0,2,1,5,2,7,27,104,1,2,1,30,1,62,81,4,66,26,4,6,0,454,22,422,10,6,4,0,0
433,6,9,16,614,0,2,1,6,4,6,30,95,0,2,7,34,4,74,61,1,88,22,3,3,0,468,25,437,6,3,3,0,0
434,6,9,16,507,1,3,0,5,0,2,12,79,0,4,2,23,0,120,34,1,72,11,6,8,0,385,2,369,14,8,6,0,0
435,6,9,16,615,0,3,0,6,5,1,29,112,0,1,2,39,3,101,45,2,46,15,3,6,0,441,22,410,9,6,3,0,0
436,6,9,16,632,1,1,1,8,4,4,30,150,2,1,2,29,3,102,37,1,69,20,6,7,0,495,17,465,13,7,6,0,0
437,4,7,18,550,0,2,0,9,1,5,13,101,4,3,1,30,2,157,17,0,48,12,2,7,0,434,20,405,9,7,2,0,0
438,6,9,12,0,1,0,0,0,0,0,3,17,0,2,1,4,1,13,9,0,8,1,0,0,0,64,4,60,0,0,0,0,0
439,4,7,18,0,1,0,1,3,0,2,3,42,0,3,2,13,1,17,21,0,20,6,13,2,0,153,3,135,15,2,13,0,0
440,4,7,18,0,0,0,0,1,2,2,3,45,0,2,1,9,1,31,9,0,13,3,2,3,0,133,6,122,5,3,2,0,0
441,4,7,18,0,1,0,0,1,0,2,1,41,1,0,0,6,0,17,13,0,13,1,2,3,0,105,3,97,5,3,2,0,0
442,2,2,2,0,1,2,0,0,3,1,0,24,0,2,0,2,0,7,3,0,8,1,0,1,0,57,2,54,1,1,0,0,0
443,5,6,4,0,0,0,0,2,0,0,1,20,0,1,0,3,0,14,3,0,3,3,3,2,0,58,3,50,5,2,3,0,0
444,3,3,14,0,1,1,0,3,1,1,2,32,0,2,0,8,0,18,9,2,14,1,27,2,0,128,4,95,29,2,27,0,0
445,3,3,14,0,0,1,0,2,1,1,2,24,0,0,0,7,0,13,8,0,15,1,0,3,0,80,2,75,3,3,0,0,0
